Keyword;Position;Search Volume;CPC;Competition;Traffic (%);Url
tiny house builders in ontario canada;88;170;0.53;0.88;0.00;https://titantinyhomes.ca/
ontario tiny home;57;210;0.43;1.00;0.00;https://titantinyhomes.ca/
tiny houses for sale in ontario;41;110;0.40;1.00;0.00;https://titantinyhomes.ca/
kit homes ontario;79;140;0.63;1.00;0.00;https://titantinyhomes.ca/
tiny home builders;69;390;0.51;0.91;0.00;https://titantinyhomes.ca/
tiny homes for sale in ontario;68;480;0.40;1.00;0.00;https://titantinyhomes.ca/
mini home ontario;64;590;0.43;1.00;0.00;https://titantinyhomes.ca/
small house builders ontario;58;320;0.52;0.88;0.00;https://titantinyhomes.ca/
small house builders ontario;93;320;0.52;0.88;0.00;https://titantinyhomes.ca/
tiny home builders in ontario;71;210;0.53;0.88;0.00;https://titantinyhomes.ca/
tiny homes for sale ontario;43;1600;0.40;1.00;0.00;https://titantinyhomes.ca/
tiny homes for sale ontario;57;1600;0.40;1.00;0.00;https://titantinyhomes.ca/
tiny house canada ontario;61;140;0.44;1.00;0.00;https://titantinyhomes.ca/
tiny homes community ontario;66;70;0.64;0.11;0.00;https://titantinyhomes.ca/
tiny homes community ontario;87;70;0.64;0.11;0.00;https://titantinyhomes.ca/
tiny homes for sale;61;2400;0.35;1.00;0.00;https://titantinyhomes.ca/
tiny houses in ontario;53;90;0.44;1.00;0.00;https://titantinyhomes.ca/
tiny home builders ontario;72;320;0.52;0.88;0.00;https://titantinyhomes.ca/
tiny homes canada ontario;55;170;0.44;1.00;0.00;https://titantinyhomes.ca/
tiny house for sale in ontario;61;110;0.40;1.00;0.00;https://titantinyhomes.ca/
