sku,title,price,price_present_bool,price_source
MK-TER80-26,Minnkota Terrova 80,,False,null
HS-STRK250R-26,Hisun Strike 250R — Youth Sport UTV,,False,null
HS-STRK550R-26,Hisun Strike 550R — Adult Sport UTV,,False,null
HS-SEC550EPS-26,Hisun Sector 550 EPS — Utility UTV,,False,null
HS-SEC750CREW-26,Hisun Sector 750 Crew — 4-Seat Utility UTV,,False,null
HS-STRY750X-26,Hisun Stryker 750X — Sport-Trail UTV,,False,null
HS-MP9550R-26,Hisun MP9 550R — Sport Trail UTV,,False,null
HS-HS500-26,Hisun HS 500 — Utility ATV,,False,null
HS-FORGE400I-26,Hisun Forge 400i — Sport-Utility ATV,,False,null
HS-SEC-E1-26,Hisun Sector E1 — Electric UTV,,False,null
HS-ACENV-26,Hisun ACE NV — Electric Golf Cart,,False,null
EC-CS590-26,Echo CS-590 Timber Wolf Chainsaw,,False,null
EC-CS310-26,Echo CS-310 Chainsaw,,False,null
EC-CS352-26,Echo CS-352 Chainsaw,,False,null
EC-CS680-26,Echo CS-680 Chainsaw,,False,null
EC-PB580T-26,Echo PB-580T Backpack Blower,,False,null
EC-PB9010T-26,Echo PB-9010T X Series Backpack Blower,,False,null
EC-PB755ST-26,Echo PB-755ST Backpack Blower,,False,null
EC-SRM225-26,Echo SRM-225 String Trimmer,,False,null
EC-HC2020-26,Echo HC-2020 Hedge Trimmer,,False,null
EC-DCS5000-26,Echo DCS-5000 — 56V Cordless Chainsaw,,False,null
HS-GUARDIAN-26,Hisun GUARDIAN Utility ATV,,False,null
HS-TACTIC-26,Hisun Tactic Utility ATV,,False,null
HS-HS400-26,Hisun HS 400 Entry ATV,,False,null
HS-SEC250-26,Hisun Sector 250 Compact Utility UTV,,False,null
HS-SEC750EPS-26,Hisun Sector 750 EPS,,False,null
HS-STRY550-26,Hisun Stryker 550X Sport-Trail UTV,,False,null
HS-STRY750CREW-26,Hisun Stryker 750 Crew (4-Seat Sport),,False,null
HS-MP9750R-26,Hisun MP9 750R Sport UTV,,False,null
HS-MP9T400-26,Hisun MP9T400 Entry Sport UTV,,False,null
CC-CHALL750MX-26,Cub Cadet Challenger 750 MX (Hisun-Built UTV),,False,null
MK-ULT80-45-26,"Minn Kota Ultrex 80 lb — 45"" Shaft",,False,null
MK-ULT80-52-26,"Minn Kota Ultrex 80 lb — 52"" Shaft",,False,null
MK-ULTQUEST9115-45-26,Minn Kota Ultrex QUEST 90/115 lb — Dual Spectrum CHIRP,,False,null
MK-RTQUEST9115-72-26,"Minn Kota Riptide Terrova QUEST 90/115 — 72""",,False,null
MK-RTQUEST9115-87-26,"Minn Kota Riptide Terrova QUEST 90/115 — 87""",,False,null
MK-RTQUEST9115-100-26,"Minn Kota Riptide Terrova QUEST 90/115 — 100""",,False,null
MK-RT112-87-26,"Minn Kota Riptide Terrova 112 lb — 87"" Shaft",,False,null
MK-RT80-60-REFURB,"Minn Kota Riptide Terrova 80 lb Refurb — 60""",,False,null
MK-KTRV55-FW-26,Minn Kota Kayak Terrova 55 lb — Freshwater,,False,null
MK-RTKAYAK55-26,Minn Kota Riptide Kayak Terrova 55 lb — Saltwater,,False,null
MK-MK230PCL-26,Minn Kota Precision Charger MK 230 PCL — 2 Bank × 15 Amp,,False,null
MK-MK330PC-26,Minn Kota Precision Charger MK 330 PC — 3 Bank × 10 Amp,,False,null
MK-MK345PCL-26,Minn Kota Precision Charger MK 345 PCL — 3 Bank × 15 Amp,,False,null
MK-MK460PCL-26,Minn Kota Precision Charger MK 460 PCL — 4 Bank × 15 Amp,,False,null
MK-MKR30-26,Minn Kota Remote Power Switch MKR-30,,False,null
MK-EC15-BULK-26,Minn Kota Battery Charger Extension Cable MK-EC-15 (Bulk),,False,null
CAN-OPTIMUMTS-26,Cannon Optimum TS Downrigger,,False,null
CAN-OPTIMUM-26,Cannon Optimum Downrigger,,False,null
CAN-MAG10TS-26,Cannon Magnum 10 TS,,False,null
CAN-MAG10-26,Cannon Magnum 10,,False,null
CAN-MAG5-26,Cannon Magnum 5,,False,null
CAN-UNI10TS-26,Cannon Uni-Troll 10 TS,,False,null
CAN-UNI10-26,Cannon Uni-Troll 10,,False,null
CAN-UNI5-26,Cannon Uni-Troll 5,,False,null
CAN-EASITROLL-26,Cannon Easi-Troll,,False,null
CAN-LAKETROLL-26,Cannon Lake-Troll,,False,null
CAN-MINITROLL-26,Cannon Mini-Troll,,False,null
CAN-WT-4LB-26,Cannon Downrigger Weight — 4 lb Cannon Ball,,False,null
CAN-WT-6LB-26,Cannon Downrigger Weight — 6 lb Cannon Ball,,False,null
CAN-WT-8LB-26,Cannon Downrigger Weight — 8 lb Cannon Ball,,False,null
CAN-WT-10LB-26,Cannon Downrigger Weight — 10 lb Cannon Ball,,False,null
CAN-UNISTACKER-26,Cannon Uni-Stacker Release,,False,null
HB-APEX13-26,Humminbird APEX 13 MEGA SI+ Chartplotter,,False,null
HB-APEX13-CHO-26,Humminbird APEX 13 MEGA SI+ Chartplotter (CHO),,False,null
HB-APEX16-26,Humminbird APEX 16 MEGA SI+ Chartplotter,,False,null
HB-APEX16-CHO-26,Humminbird APEX 16 MEGA SI+ Chartplotter (CHO),,False,null
HB-APEX19-26,Humminbird APEX 19 MEGA SI+ Chartplotter,,False,null
HB-APEX19-CHO-26,Humminbird APEX 19 MEGA SI+ Chartplotter (CHO),,False,null
HB-MEGALIVE2-FWD-26,Humminbird MEGA Live 2 Forward-Facing Sonar,,False,null
HB-MEGALIVE2-TM-26,Humminbird MEGA Live 2 Transom-Mount Sonar,,False,null
HB-ICELIVE2-PM-26,Humminbird ICE MEGA Live 2 Compact Pole-Mount,,False,null
HB-ICELIVE2-PWR-26,Humminbird ICE MEGA Live 2 Power Cable,,False,null
HB-ICELIVE2-SAE-26,Humminbird ICE MEGA Live 2 SAE Power Cable,,False,null
HB-XPLORE-PWR-26,Humminbird ICE XPLORE Power Cable,,False,null
HB-XPLORE-KIT-26,Humminbird ICE XPLORE Shuttle Conversion Kit,,False,null
RJ-TRUSS-PIPE,R&amp;J Truss Pipe Dock — Aluminum,,False,null
RJ-FLOATING-TRUSS,R&amp;J Floating Truss Dock,,False,null
RJ-LUX-FLOATING,R&amp;J LUX Floating Dock System,,False,null
RJ-WAVEX-MODULAR,R&amp;J WaveX Modular Dock System,,False,null
RJ-LIFT-STEP-DOCK,R&amp;J Lift-Up Step Dock,,False,null
RJ-CANTILEVER,R&amp;J Cantilever Boat Lift,,False,null
RJ-HYDRAULIC,R&amp;J Hydraulic Boat Lift,,False,null
RJ-VERTICAL-PONTOON,R&amp;J Vertical Pontoon Boat Lift,,False,null
RJ-HYDRO-EXTREME,R&amp;J Hydro Extreme Boat Lift,,False,null
RJ-HIDDEN-BEAM,R&amp;J Hidden-Beam Wet-Slip Lift,,False,null
RJ-LIFT-ROOF,R&amp;J Boat Lift Roof System,,False,null
RJ-HYDRAULIC-PWC,R&amp;J Hydraulic PWC Lift,,False,null
WA-PWC-PORT,Wave Armour PWC Wave Port,,False,null
RJ-MARINE-RAILWAY,R&amp;J Marine Railway System,,False,null
WA-OTTER-8X10,Wave Armor Otter Swim Raft 8'x10',,False,null
EC-CS2511P-26,Echo CS-2511P Compact Pro Chainsaw,,False,null
EC-CS2511T-26,Echo CS-2511T Top-Handle Chainsaw,,False,null
EC-CS271T-26,Echo CS-271T Top-Handle Chainsaw,,False,null
EC-CS3510-26,Echo CS-3510 Homeowner Chainsaw,,False,null
EC-CS355T-26,Echo CS-355T Top-Handle Chainsaw,,False,null
EC-CS361P-26,Echo CS-361P Mid Pro Chainsaw,,False,null
EC-CS370F-26,Echo CS-370F Farm/Ranch Chainsaw,,False,null
EC-CS4510-26,Echo CS-4510 Mid Homeowner Chainsaw,,False,null
EC-CS490-26,Echo CS-490 Mid Pro Chainsaw,,False,null
EC-CS4910-26,Echo CS-4910 Pro Chainsaw,,False,null
EC-CS501P-26,Echo CS-501P Pro Chainsaw,,False,null
EC-CS620P-26,Echo CS-620P Pro Chainsaw,,False,null
EC-CS7310P-26,Echo CS-7310P Heavy Production Chainsaw,,False,null
EC-ES250-26,Echo ES-250 Handheld Shred/Vac,,False,null
EC-PB2520-26,Echo PB-2520 Handheld Blower,,False,null
EC-PB255LN-26,Echo PB-255LN Low-Noise Handheld,,False,null
EC-PB2620-26,Echo PB-2620 Handheld Blower,,False,null
EC-PB265LN-26,Echo PB-265LN Low-Noise Handheld,,False,null
EC-PB760LNT-26,Echo PB-760LNT Low-Noise Backpack (Tube),,False,null
EC-PB770-26,Echo PB-770 Pro Backpack Blower,,False,null
EC-PB8010-26,Echo PB-8010 X Series Backpack Blower,,False,null
EC-GT225-26,Echo GT-225 Curved-Shaft Trimmer,,False,null
EC-SRM2320-26,Echo SRM-2320 Straight-Shaft Trimmer,,False,null
EC-SRM2620-26,Echo SRM-2620 Trimmer,,False,null
EC-SRM266-26,Echo SRM-266 Pro-Grade Trimmer,,False,null
EC-SRM3020-26,Echo SRM-3020 Heavy-Duty Trimmer,,False,null
EC-SRM410-26,Echo SRM-410 Pro Trimmer,,False,null
EC-SRM2620U-26,Echo SRM-2620U U-Handle Brushcutter,,False,null
EC-HC155-26,Echo HC-155 Single-Sided Hedge Trimmer,,False,null
EC-HC2210-26,Echo HC-2210 Double-Sided Hedge Trimmer,,False,null
EC-HC2810-26,Echo HC-2810 Heavy Double-Sided Hedge Trimmer,,False,null
EC-HCA2620-26,Echo HCA-2620 Articulating Extended-Reach,,False,null
EC-HCA2620S-26,Echo HCA-2620S Articulating Extended-Reach (S),,False,null
EC-SHC225-26,Echo SHC-225 Shafted Hedge Trimmer,,False,null
EC-SHC225S-26,Echo SHC-225S Shafted Hedge Trimmer (S),,False,null
EC-SHC2620-26,Echo SHC-2620 Pro Shafted Hedge Trimmer,,False,null
EC-SHC2620S-26,Echo SHC-2620S Pro Shafted (S),,False,null
EC-PWE1800-26,Echo PWE-1800 Electric Pressure Washer,,False,null
EC-PW3100-26,Echo PW-3100 Gas Pressure Washer,,False,null
EC-PW3200-26,Echo PW-3200 Gas Pressure Washer,,False,null
EC-PW3600-26,Echo PW-3600 Pro Gas Pressure Washer,,False,null
EC-PW4200-26,Echo PW-4200 Flagship Pro Pressure Washer,,False,null
EC-CSG7410-26,Echo CSG-7410 Handheld Cut-Off Saw,,False,null
EC-CWT7410-26,Echo CWT-7410 Walk-Behind Cut-Off Saw,,False,null
EC-PE2620-26,Echo PE-2620 Walk-Behind Edger,,False,null
EC-PAS225-26,Echo PAS-225 Homeowner Powerhead,,False,null
EC-PAS2620-26,Echo PAS-2620 Pro Powerhead,,False,null
EC-DCS2500T-26,Echo DCS-2500T Cordless Top-Handle Chainsaw,,False,null
EC-DHC2300-26,Echo DHC-2300 Cordless Hedge Trimmer,,False,null
EC-DLM2100-26,Echo DLM-2100 Cordless Push Mower,,False,null
EC-DLM2100SP-26,Echo DLM-2100SP Cordless Self-Propelled Mower,,False,null
EC-DPAS2100-26,Echo DPAS-2100 Cordless PAS Powerhead,,False,null
EC-DPAS2600-26,Echo DPAS-2600 Cordless PAS Pro Powerhead,,False,null
EC-DPB2500-26,Echo DPB-2500 Cordless Handheld Blower,,False,null
EC-DPB2500LE-26,Echo DPB-2500LE Limited Edition Pink Blower,,False,null
EC-DSRM2100-26,Echo DSRM-2100 Cordless String Trimmer,,False,null
EC-DSRM2600-26,Echo DSRM-2600 Cordless String Trimmer,,False,null
EC-DSRM2600U-26,Echo DSRM-2600U Cordless U-Handle Brushcutter,,False,null
,2025 Mercury ME 2.5MH 4S TMC,,False,null
,2025 Mercury ME 2.5MH 4S TMC,,False,null
,2025 Mercury ME 6MH,,False,null
,2025 Mercury ME 2.5MH 4S TMC,,False,null
,2025 Mercury ME 2.5MH 4S TMC,,False,null
,2026 Toro 75747,,False,null
,2025 Mercury ME 2.5MH 4S TMC,,False,null
,2025 Mercury ME 5MH,,False,null
,2025 Mercury ME 2.5MH 4S TMC,,False,null
,2026 Cub Cadet 13A6A9TS596,,False,null
,2023 Princecraft SPORTFISHER 23 2RS,,False,null
,2025 Mercury ME 6MH,,False,null
,2025 Mercury ME 6MH,,False,null
,2025 Mercury ME 9.9MH 4S,,False,null
,2026 Toro 75747,,False,null
,2025 Mercury ME 9.9MH 4S,,False,null
,2026 Mercury ME 115XL PXS4S,,False,null
,2023 Mercury ME 9.9ELH 4S TMC,,False,null
,2023 Mercury 90 EXLPT CT,,False,null
,2023 Princecraft SPORTFISHER 21 2RS,,False,null
,26 Mercury ME 90ELPT 4S,,False,null
,2026 Cub Cadet 13A6A9TS596,,False,null
,2024 Mercury ME 50 ELPT 4S EFI,,False,null
,2024 Mercury ME 50 ELPT 4S EFI,,False,null
,2026 Toro 75747,,False,null
,2024 Mercury ME 60 ELPT 4S EFI,,False,null
,2025 Mercury ME 2.5MH 4S TMC,,False,null
,26 Mercury ME 90ELPT 4S,,False,null
,2024 Mercury ME 15 EH 4S,,False,null
,2023 Mercury ME 15 ELPHPT PK 4S,,False,null
,2022 Mercury ME 5 MXLHA LPG 4S SAILPOWER,,False,null
,2025 Mercury ME 2.5MH 4S TMC,,False,null
,2023 Mercury 115 Pro XS,,False,null
,2026 Easy Hauler AL-PTDB2023,,False,null
,2023 Mercury ME 20 MLH 4S,,False,null
,2026 Cub Cadet 13APA1TEA10,,False,null
,2021 Mercury ME 2.5MH 4S TMC,,False,null
,2022 Mercury ME 8MH 4S TMC,,False,null
,2023 Mercury ME 3.5MH 4S TMC,,False,null
,2025 Mercury ME 20 EH 4S,,False,null
,2026 Cub Cadet 13APA1TEA10,,False,null
,2025 Mercury ME 60 ELHPT CT 4S,,False,null
,2024 Mercury ME 25 ELHPT EFI 4S,,False,null
,2022 Mercury ME 4MH 4S,,False,null
,2023 Mercury ME 25 ELPT EFI 4S,,False,null
,2022 Mercury ME 20 MLH 4S,,False,null
,2023 Mercury ME 30 ELHPT EFI 4S,,False,null
,2022 Mercury ME 30 ELPT EFI 4S,,False,null
,2023 Mercury ME 30 ELHPT EFI 4S,,False,null
,2025 Trailer X,,False,null
,2022 Easy Hauler AL-PTDB2026-TRI,,False,null
,2022 Easy Hauler AL-PTDB2026-TRI,,False,null
,2026 Cub Cadet 13APA1TEA10,,False,null
,2024 Mercury ME 4MH 4S,,False,null
,2022 Easy Hauler AL-PTDB2026-TRI,,False,null
,2026 Toro 72504,,False,null
,2024 Toro 74532,,False,null
,2026 Toro 77283,,False,null
,2026 Cub Cadet 13APA1TEA10,,False,null
,2024 Mercury ME 6MLH,,False,null
,2024 Trailer X,,False,null
,2024 Princecraft RESORTER 160 BT,,False,null
,2025 Mercury ME 6MH,,False,null
,2026 Trailer X,,False,null
,2025 Toro 77502,,False,null
,2023 Mercury ME 6MH,,False,null
,2025 Mercury ME 5MH,,False,null
,2021 Mercury ME 5 MH LPG 4S,,False,null
,2026 Mercury ME 115XL PXS4S,,False,null
,2025 Mercury ME 6MH,,False,null
,2025 Mercury ME 6MH,,False,null
,2025 Mercury ME 9.9MH 4S,,False,null
,2026 Cub Cadet 13APA1TNA10,,False,null
,2025 Mercury ME 9.9MH 4S,,False,null
,2025 Mercury ME 2.5MH 4S TMC,,False,null
,2026 Cub Cadet 13APA1TEA10,,False,null
,2026 Cub Cadet 13APA1TNA10,,False,null
,2026 Toro 77501,,False,null
,2023 Mercury ME 3.5MH 4S TMC,,False,null
,2026 Mercury 115 EXLPT PRO XS,,False,null
,2026 Toro 75747,,False,null
,2024 Mercury ME 6MLH,,False,null
,2026 Cub Cadet 13B6A9TTA10,,False,null
,2026 Cub Cadet 13B6A9TTA10,,False,null
,2026 Princecraft VECTRA 21 RL,,False,null
,2025 Mercury 75 ELPT,,False,null
,2025 Trailer X,,False,null
,2026 Trailer X,,False,null
,2026 Cub Cadet 13B6A9TTA10,,False,null
,2025 Princecraft AMAROK 166 WS,,False,null
,2026 Cub Cadet 13APA9TTA10,,False,null
,2026 Cub Cadet 13APA9TTA10,,False,null
,2026 Cub Cadet 13APA9TTA10,,False,null
,2026 Easy Hauler AL-PTDB2023,,False,null
,2026 Mercury ME 115XL PXS4S,,False,null
,2025 Mercury ME 9.9MH 4S,,False,null
,2025 Mercury ME 2.5MH 4S TMC,,False,null
,2026 Cub Cadet 13A6A9TS596,,False,null
,2022 Mercury ME 9.9ELH 4S TMC,,False,null
,2024 Mercury ME 25 ELHPT EFI 4S,,False,null
,2026 Cub Cadet 13APA1TEA10,,False,null
,2026 Toro 77283,,False,null
,2025 Mercury ME 6MH,,False,null
,2026 Mercury 40 ELPT,,False,null
,26 Mercury ME 90ELPT 4S,,False,null
,2023 Mercury ME 3.5MH 4S TMC,,False,null
,2025 Mercury ME 20 MH 4S,,False,null
,2026 Toro 77404,,False,null
,2025 Mercury ME 6MH,,False,null
,2024 Mercury ME 8EH 4S,,False,null
,2023 Mercury ME 30 ELHPT EFI 4S,,False,null
,2024 Mercury ME 25 EH EFI 4S,,False,null
,2025 Mercury ME 2.5MH 4S TMC,,False,null
,2026 Cub Cadet 13AQA1TLA10,,False,null
,2026 Cub Cadet 13APA1TEA10,,False,null
,2021 Mercury ME 2.5MH 4S TMC,,False,null
,2025 Mercury ME 6MH,,False,null
,2023 Mercury ME 20 MLH 4S,,False,null
,2026 Mercury 90 EXLPT CT,,False,null
,2023 Mercury ME 30 ELHPT EFI 4S,,False,null
,2025 Trailer X,,False,null
,2023 Mercury 115 Pro XS,,False,null
,2026 Cub Cadet 13AQA1TLA10,,False,null
,2024 Mercury ME 50 ELPT 4S EFI,,False,null
,2021 Mercury ME 5 MH LPG 4S,,False,null
,2023 Mercury ME 3.5MH 4S TMC,,False,null
,2024 Mercury ME 6MLH,,False,null
,2025 Mercury ME 60 ELHPT CT 4S,,False,null
,2025 Mercury ME 50 ELPT CT 4S EFI,,False,null
,2026 Mercury 115 EXLPT PRO XS,,False,null
,2026 Cub Cadet 13APA9TTA10,,False,null
,2022 Easy Hauler AL-PTDB2026-TRI,,False,null
,2024 Mercury ME 15 ELPT 4S,,False,null
,2025 Mercury ME 5MH,,False,null
,2026 Toro 77503,,False,null
,2023 Mercury ME 40 ELHPT 4S EFI,,False,null
,2022 Easy Hauler AL-PTDB2026-TRI,,False,null
,2024 Mercury ME 6MLH,,False,null
,2026 Easy Hauler AL-PTDB2023,,False,null
,2025 Mercury ME 60 ELPT CT 4S EFI,,False,null
,2024 Easy Hauler AL-1610B-YC,,False,null
,2026 Trailer X,,False,null
,2026 Toro 75747,,False,null
,2026 Cub Cadet 13A6A9TS596,,False,null
,2023 Mercury ME 15 ELHPT PK 4S,,False,null
,2025 Mercury ME 20 EH 4S,,False,null
,2022 Mercury ME 8MH 4S TMC,,False,null
,2023 Mercury ME 9.9ELH 4S TMC,,False,null
,2026 Cub Cadet 13B5A2TLA10,,False,null
,2026 Mercury 115 EXLPT PRO XS,,False,null
,2025 Mercury 75 ELPT,,False,null
,2025 Mercury ME 50 ELHPT 4S EFI,,False,null
,2026 Mercury ME 115XL PXS4S,,False,null
,2025 Easy Hauler 1250# PAINTED TRAILER 480 X 12B E-COAT,,False,null
,2026 Cub Cadet 13B6A9TTA10,,False,null
,2025 Toro 77507,,False,null
,2014 Mercury 50 ELHPT 4S EFI,,False,null
,2026 Cub Cadet 13APA1TNA10,,False,null
,2022 Mercury ME 15 ELH 4S,,False,null
,2023 Mercury 60 ELPT,,False,null
,2026 Toro 75747,,False,null
,2026 Mercury ME 115XL PXS4S,,False,null
,2026 Trailer X,,False,null
,2025 Mercury ME 5MH,,False,null
,2026 Cub Cadet 13A6A9TS596,,False,null
,26 Mercury ME 90ELPT 4S,,False,null
,2025 Mercury ME 2.5MH 4S TMC,,False,null
,2026 Mercury 50 ELPT EFI CT,,False,null
,2024 Trailer X,,False,null
,2025 Mercury ME 2.5MH 4S TMC,,False,null
,2023 Mercury ME 30 ELHPT EFI 4S,,False,null
,2026 Toro 77283,,False,null
,2023 Mercury ME 3.5MH 4S TMC,,False,null
,2026 Easy Hauler AL-PTDB2023,,False,null
,2025 Mercury ME 2.5MH 4S TMC,,False,null
,2024 Toro 74532,,False,null
,2024 Mercury ME 50 ELPT 4S EFI,,False,null
,2022 Mercury ME 20 MLH 4S,,False,null
,2026 Cub Cadet 13APA1TEA10,,False,null
,2026 Mercury 50 ELPT EFI CT,,False,null
,2025 Mercury ME 2.5MH 4S TMC,,False,null
,2025 Mercury 40 ELPT,,False,null
,2025 Mercury ME 6MH,,False,null
,2022 Mercury ME 30 ELPT EFI 4S,,False,null
,2026 Mercury 150 XL,,False,null
,2023 Mercury 90 EXLPT CT,,False,null
,2026 Cub Cadet 13APA9TTA10,,False,null
,2025 Mercury ME 9.9MH 4S,,False,null
,2021 Mercury ME 20 ELHPT 4S,,False,null
,2025 Trailer X,,False,null
,2025 Mercury ME 2.5MH 4S TMC,,False,null
,2025 Mercury ME 25 ELPT EFI 4S,,False,null
,2023 Mercury ME 15 ELPHPT PK 4S,,False,null
,2026 Cub Cadet 13APA1TNA10,,False,null
,2026 Toro 75747,,False,null
,2026 Cub Cadet 13APA9TTA10,,False,null
,2026 Cub Cadet 13AQA1TLA10,,False,null
,2026 Cub Cadet 13AQA1TLA10,,False,null
,2026 Cub Cadet 13AQA2TMA10,,False,null
,2026 Toro 22217,,False,null
,2026 Toro 77404,,False,null
,2022 Mercury ME 60 ELPT 4S EFI,,False,null
,2023 Cub Cadet 17ARGBYEA10,,False,null
,2026 Toro 22217,,False,null
,2024 Cub Cadet 17ARGBYLA10,,False,null
,2024 Cub Cadet 17AIEAC2A10,,False,null
,2022 Toro 74055,,False,null
,2025 Cub Cadet 17ARGBYNA10,,False,null
,2024 Cub Cadet 17AIEAC3A10,,False,null
,2026 Toro 77404,,False,null
,2025 Cub Cadet 17ARGBYNA10,,False,null
,2023 Cub Cadet 17AIEACL010,,False,null
