https://reyco.glvmarketing.ca/category/boating-tips/,category
https://reyco.glvmarketing.ca/category/equipment-reviews/,category
https://reyco.glvmarketing.ca/category/maintenance-guides/,category
https://reyco.glvmarketing.ca/category/buying-guides/,category
https://reyco.glvmarketing.ca/category/financing-tips/,category
https://reyco.glvmarketing.ca/category/local-guides/,category
https://reyco.glvmarketing.ca/category/lawn-garden/,category
https://reyco.glvmarketing.ca/category/local-events/,category
https://reyco.glvmarketing.ca/category/caseys-corner/,category
https://reyco.glvmarketing.ca/,page
https://reyco.glvmarketing.ca/boats-and-marine/minn-kota/,page
https://reyco.glvmarketing.ca/cart/,page
https://reyco.glvmarketing.ca/about/meet-the-team/,page
https://reyco.glvmarketing.ca/service/atv-utv-repair/,page
https://reyco.glvmarketing.ca/service/small-engine/,page
https://reyco.glvmarketing.ca/service/engine-repair/,page
https://reyco.glvmarketing.ca/lawn-and-garden/troy-bilt/,page
https://reyco.glvmarketing.ca/powersports/easy-go/,page
https://reyco.glvmarketing.ca/boats-and-marine/cannon/,page
https://reyco.glvmarketing.ca/financing/apply/,page
https://reyco.glvmarketing.ca/lawn-and-garden/cordless-mowers/,page
https://reyco.glvmarketing.ca/lawn-and-garden/cordless-blowers/,page
https://reyco.glvmarketing.ca/lawn-and-garden/cordless-trimmers/,page
https://reyco.glvmarketing.ca/lawn-and-garden/cordless-chainsaws/,page
https://reyco.glvmarketing.ca/lawn-and-garden/cordless-56v/,page
https://reyco.glvmarketing.ca/lawn-and-garden/pro-attachment-series/,page
https://reyco.glvmarketing.ca/lawn-and-garden/edgers/,page
https://reyco.glvmarketing.ca/lawn-and-garden/power-pruners/,page
https://reyco.glvmarketing.ca/lawn-and-garden/pressure-washers/,page
https://reyco.glvmarketing.ca/lawn-and-garden/blowers/,page
https://reyco.glvmarketing.ca/lawn-and-garden/hedge-trimmers/,page
https://reyco.glvmarketing.ca/docks-and-lifts/wave-armor/,page
https://reyco.glvmarketing.ca/powersports/electric/,page
https://reyco.glvmarketing.ca/docks-and-lifts/,page
https://reyco.glvmarketing.ca/powersports/golf-carts/,page
https://reyco.glvmarketing.ca/docks-and-lifts/r-j-machine/,page
https://reyco.glvmarketing.ca/powersports/strike/,page
https://reyco.glvmarketing.ca/powersports/stryker/,page
https://reyco.glvmarketing.ca/powersports/cub-cadet-utv/,page
https://reyco.glvmarketing.ca/docks-and-lifts/marine-railways/,page
https://reyco.glvmarketing.ca/docks-and-lifts/boat-lifts/,page
https://reyco.glvmarketing.ca/docks-and-lifts/docks/,page
https://reyco.glvmarketing.ca/docks-and-lifts/hardware-accessories/,page
https://reyco.glvmarketing.ca/powersports/atvs/,page
https://reyco.glvmarketing.ca/powersports/hs-series/,page
https://reyco.glvmarketing.ca/powersports/mp9/,page
https://reyco.glvmarketing.ca/powersports/sector/,page
https://reyco.glvmarketing.ca/docks-and-lifts/pwc-lifts/,page
https://reyco.glvmarketing.ca/lawn-and-garden/echo/,page
https://reyco.glvmarketing.ca/powersports/youth/,page
https://reyco.glvmarketing.ca/powersports/crew/,page
https://reyco.glvmarketing.ca/powersports/utility/,page
https://reyco.glvmarketing.ca/powersports/sport/,page
https://reyco.glvmarketing.ca/powersports/hisun/,page
https://reyco.glvmarketing.ca/powersports/,page
https://reyco.glvmarketing.ca/boats-and-marine/cannon-catalogue/,page
https://reyco.glvmarketing.ca/terms/,page
https://reyco.glvmarketing.ca/privacy/,page
https://reyco.glvmarketing.ca/snow-equipment/skid-shoes/,page
https://reyco.glvmarketing.ca/lawn-and-garden/stihl/,page
https://reyco.glvmarketing.ca/snow-equipment/shear-pins/,page
https://reyco.glvmarketing.ca/boats-and-marine/mercury/,page
https://reyco.glvmarketing.ca/lawn-and-garden/riding-mowers/,page
https://reyco.glvmarketing.ca/lawn-and-garden/push-mowers/,page
https://reyco.glvmarketing.ca/boats-and-marine/princecraft/,page
https://reyco.glvmarketing.ca/boats-and-marine/outboard-motors/,page
https://reyco.glvmarketing.ca/lawn-and-garden/zero-turn/,page
https://reyco.glvmarketing.ca/lawn-and-garden/trimmers/,page
https://reyco.glvmarketing.ca/boats-and-marine/trolling-motors/,page
https://reyco.glvmarketing.ca/lawn-and-garden/chainsaws/,page
https://reyco.glvmarketing.ca/lawn-and-garden/blades/,page
https://reyco.glvmarketing.ca/boats-and-marine/fishing-boats/,page
https://reyco.glvmarketing.ca/boats-and-marine/humminbird/,page
https://reyco.glvmarketing.ca/lawn-and-garden/filters/,page
https://reyco.glvmarketing.ca/lawn-and-garden/belts/,page
https://reyco.glvmarketing.ca/boats-and-marine/fish-finders/,page
https://reyco.glvmarketing.ca/snow-equipment/,page
https://reyco.glvmarketing.ca/snow-equipment/cub-cadet/,page
https://reyco.glvmarketing.ca/boats-and-marine/pontoons/,page
https://reyco.glvmarketing.ca/lawn-and-garden/,page
https://reyco.glvmarketing.ca/snow-equipment/toro/,page
https://reyco.glvmarketing.ca/snow-equipment/single-stage/,page
https://reyco.glvmarketing.ca/lawn-and-garden/cub-cadet/,page
https://reyco.glvmarketing.ca/snow-equipment/two-stage/,page
https://reyco.glvmarketing.ca/snow-equipment/three-stage/,page
https://reyco.glvmarketing.ca/boats-and-marine/,page
https://reyco.glvmarketing.ca/boats-and-marine/deck-boats/,page
https://reyco.glvmarketing.ca/lawn-and-garden/toro/,page
https://reyco.glvmarketing.ca/snow-equipment/snow-plows/,page
https://reyco.glvmarketing.ca/inventory/,page
https://reyco.glvmarketing.ca/financing/,page
https://reyco.glvmarketing.ca/service/warranty/,page
https://reyco.glvmarketing.ca/service/order-parts/,page
https://reyco.glvmarketing.ca/service/snow-equipment/,page
https://reyco.glvmarketing.ca/service/lawn-equipment/,page
https://reyco.glvmarketing.ca/service/marine/,page
https://reyco.glvmarketing.ca/service/tune-ups/,page
https://reyco.glvmarketing.ca/service/spring-commissioning/,page
https://reyco.glvmarketing.ca/service/winterization/,page
https://reyco.glvmarketing.ca/service/,page
https://reyco.glvmarketing.ca/contact/,page
https://reyco.glvmarketing.ca/about/,page
https://reyco.glvmarketing.ca/checkout/,page
https://reyco.glvmarketing.ca/my-account/,page
https://reyco.glvmarketing.ca/shop/,page
https://reyco.glvmarketing.ca/blog/,post
https://reyco.glvmarketing.ca/troy-bilt-outdoor-power-equipment-northern-ontario/,post
https://reyco.glvmarketing.ca/best-boat-trailer-northern-ontario-easy-hauler/,post
https://reyco.glvmarketing.ca/golf-carts-cottage-country-northern-ontario-ez-go/,post
https://reyco.glvmarketing.ca/choosing-mercury-outboard-northern-ontario/,post
https://reyco.glvmarketing.ca/princecraft-fishing-boats-northern-ontario/,post
https://reyco.glvmarketing.ca/we-are-bringing-the-whole-fleet-to-the-2026-sault-boat-show/,post
https://reyco.glvmarketing.ca/riding-mower-or-zero-turn-here-is-what-i-tell-people/,post
https://reyco.glvmarketing.ca/we-are-bringing-the-whole-fleet-to-the-2026-sault-boat-show-2/,post
https://reyco.glvmarketing.ca/we-sponsored-the-pike-derby-again-and-it-was-the-best-one-yet/,post
https://reyco.glvmarketing.ca/we-sponsored-the-pike-derby-again-and-it-was-the-best-one-yet-2/,post
https://reyco.glvmarketing.ca/why-i-bet-everything-on-a-marine-dealership-in-2023/,post
https://reyco.glvmarketing.ca/what-nobody-tells-you-before-you-buy-your-first-boat/,post
https://reyco.glvmarketing.ca/every-boat-launch-near-the-sault-ranked-by-a-guy-who-has-used-them-all/,post
https://reyco.glvmarketing.ca/my-favourite-walleye-spots-within-an-hour-of-the-sault/,post
https://reyco.glvmarketing.ca/what-you-actually-need-for-a-northern-ontario-cottage-from-the-guys-who-sell-all-of-it/,post
https://reyco.glvmarketing.ca/opening-weekend-is-basically-christmas-for-me-here-is-how-i-prep-my-boat/,post
https://reyco.glvmarketing.ca/twenty-years-behind-the-napa-counter-taught-me-everything/,post
https://reyco.glvmarketing.ca/twenty-years-behind-the-napa-counter-taught-me-everything-2/,post
https://reyco.glvmarketing.ca/how-to-store-your-mower-so-it-actually-starts-in-may-i-see-this-go-wrong-every-year/,post
https://reyco.glvmarketing.ca/how-to-store-your-mower-so-it-actually-starts-in-may-i-see-this-go-wrong-every-year-2/,post
https://reyco.glvmarketing.ca/spring-commissioning-checklist/,post
https://reyco.glvmarketing.ca/small-engine-repair-in-the-sault-what-i-fix-every-single-week/,post
https://reyco.glvmarketing.ca/how-i-help-people-pick-the-right-snowblower-for-the-sault/,post
https://reyco.glvmarketing.ca/how-i-pick-the-right-outboard-motor-for-every-boat-that-comes-through-our-shop/,post
https://reyco.glvmarketing.ca/boat-financing-in-ontario-how-we-actually-make-it-work-for-people/,post
https://reyco.glvmarketing.ca/first-time-boat-buyers-guide/,post
https://reyco.glvmarketing.ca/pontoon-vs-fishing-boat/,post
https://reyco.glvmarketing.ca/princecraft-canadian-made/,post
https://reyco.glvmarketing.ca/mercury-vs-yamaha/,post
https://reyco.glvmarketing.ca/minnkota-spot-lock-guide/,post
https://reyco.glvmarketing.ca/boats-for-sale-in-sault-ste-marie-what-i-wish-someone-told-me-before-buying/,post
https://reyco.glvmarketing.ca/winterization-guide/,post
https://reyco.glvmarketing.ca/dealer-vs-canadian-tire/,post
https://reyco.glvmarketing.ca/two-stage-vs-three-stage-snowblower/,post
https://reyco.glvmarketing.ca/cub-cadet-vs-toro/,post
https://reyco.glvmarketing.ca/boat-less-than-truck-payment/,post
https://reyco.glvmarketing.ca/equipment-financing-tax-benefits/,post
https://reyco.glvmarketing.ca/choosing-right-horsepower/,post
https://reyco.glvmarketing.ca/preparing-snowblower-for-winter/,post
https://reyco.glvmarketing.ca/my-spring-lawn-routine-after-15-years-in-northern-ontario/,post
https://reyco.glvmarketing.ca/product/minnkota-terrova-80-3/,product
https://reyco.glvmarketing.ca/product/wave-armour-pwc-wave-port/,product
https://reyco.glvmarketing.ca/product/wave-armor-otter-swim-raft-8x10/,product
https://reyco.glvmarketing.ca/product/2026-easy-hauler-al-ptdb2023/,product
https://reyco.glvmarketing.ca/product/2025-mercury-me-5mh/,product
https://reyco.glvmarketing.ca/product/2023-mercury-me-15-elhpt-pk-4s/,product
https://reyco.glvmarketing.ca/product/2025-mercury-me-20-mh-4s/,product
https://reyco.glvmarketing.ca/product/2025-mercury-me-6mh/,product
https://reyco.glvmarketing.ca/product/2026-mercury-40-elpt/,product
https://reyco.glvmarketing.ca/product/2025-mercury-75-elpt/,product
https://reyco.glvmarketing.ca/product/2024-mercury-me-6mlh/,product
https://reyco.glvmarketing.ca/product/2025-mercury-40-elpt/,product
https://reyco.glvmarketing.ca/product/2024-mercury-me-4mh-4s/,product
https://reyco.glvmarketing.ca/product/2023-mercury-me-6mh/,product
https://reyco.glvmarketing.ca/product/2023-mercury-me-30-elhpt-efi-4s/,product
https://reyco.glvmarketing.ca/product/2023-mercury-me-40-elhpt-4s-efi/,product
https://reyco.glvmarketing.ca/product/2023-mercury-me-20-mlh-4s/,product
https://reyco.glvmarketing.ca/product/2023-mercury-me-25-elpt-efi-4s/,product
https://reyco.glvmarketing.ca/product/2023-mercury-90-exlpt-ct/,product
https://reyco.glvmarketing.ca/product/2023-mercury-60-elpt/,product
https://reyco.glvmarketing.ca/product/2022-mercury-me-8mh-4s-tmc/,product
https://reyco.glvmarketing.ca/product/2022-mercury-me-60-elpt-4s-efi/,product
https://reyco.glvmarketing.ca/product/2022-mercury-me-4mh-4s/,product
https://reyco.glvmarketing.ca/product/2022-mercury-me-30-elpt-efi-4s/,product
https://reyco.glvmarketing.ca/product/2022-mercury-me-20-mlh-4s/,product
https://reyco.glvmarketing.ca/product/2022-mercury-me-15-elh-4s/,product
https://reyco.glvmarketing.ca/product/2021-mercury-me-20-elhpt-4s/,product
https://reyco.glvmarketing.ca/product/minn-kota-ultrex-quest-90-115-lb-dual-spectrum-chirp/,product
https://reyco.glvmarketing.ca/product/minn-kota-ultrex-80-lb-45-shaft/,product
https://reyco.glvmarketing.ca/product/minn-kota-ultrex-80-lb-52-shaft/,product
https://reyco.glvmarketing.ca/product/minn-kota-riptide-terrova-quest-90-115-72/,product
https://reyco.glvmarketing.ca/product/minn-kota-riptide-terrova-quest-90-115-87/,product
https://reyco.glvmarketing.ca/product/minn-kota-riptide-terrova-quest-90-115-100/,product
https://reyco.glvmarketing.ca/product/minn-kota-riptide-kayak-terrova-55-lb-saltwater/,product
https://reyco.glvmarketing.ca/product/minn-kota-riptide-terrova-112-lb-87-shaft/,product
https://reyco.glvmarketing.ca/product/minn-kota-riptide-terrova-80-lb-refurb-60/,product
https://reyco.glvmarketing.ca/product/minn-kota-precision-charger-mk-460-pcl-4-bank-x-15-amp/,product
https://reyco.glvmarketing.ca/product/minn-kota-remote-power-switch-mkr-30/,product
https://reyco.glvmarketing.ca/product/minn-kota-precision-charger-mk-330-pc-3-bank-x-10-amp/,product
https://reyco.glvmarketing.ca/product/minn-kota-precision-charger-mk-345-pcl-3-bank-x-15-amp/,product
https://reyco.glvmarketing.ca/product/minn-kota-kayak-terrova-55-lb-freshwater/,product
https://reyco.glvmarketing.ca/product/minn-kota-precision-charger-mk-230-pcl-2-bank-x-15-amp/,product
https://reyco.glvmarketing.ca/product/hisun-tactic-utility-atv/,product
https://reyco.glvmarketing.ca/product/minn-kota-battery-charger-extension-cable-mk-ec-15-bulk/,product
https://reyco.glvmarketing.ca/product/hisun-stryker-750x-sport-trail-utv/,product
https://reyco.glvmarketing.ca/product/hisun-stryker-750-crew-4-seat-sport/,product
https://reyco.glvmarketing.ca/product/hisun-strike-550r-adult-sport-utv/,product
https://reyco.glvmarketing.ca/product/hisun-stryker-550x-sport-trail-utv/,product
https://reyco.glvmarketing.ca/product/hisun-strike-250r-youth-sport-utv/,product
https://reyco.glvmarketing.ca/product/hisun-sector-750-eps/,product
https://reyco.glvmarketing.ca/product/hisun-sector-550-eps-utility-utv/,product
https://reyco.glvmarketing.ca/product/hisun-sector-750-crew-4-seat-utility-utv/,product
https://reyco.glvmarketing.ca/product/hisun-sector-e1-electric-utv/,product
https://reyco.glvmarketing.ca/product/hisun-sector-250-compact-utility-utv/,product
https://reyco.glvmarketing.ca/product/hisun-mp9-750r-sport-utv/,product
https://reyco.glvmarketing.ca/product/hisun-mp9t400-entry-sport-utv/,product
https://reyco.glvmarketing.ca/product/hisun-mp9-550r-sport-trail-utv/,product
https://reyco.glvmarketing.ca/product/hisun-hs-500-utility-atv/,product
https://reyco.glvmarketing.ca/product/hisun-guardian-utility-atv/,product
https://reyco.glvmarketing.ca/product/hisun-hs-400-entry-atv/,product
https://reyco.glvmarketing.ca/product/hisun-forge-400i-sport-utility-atv/,product
https://reyco.glvmarketing.ca/product/hisun-ace-nv-electric-golf-cart/,product
https://reyco.glvmarketing.ca/product/humminbird-ice-xplore-power-cable/,product
https://reyco.glvmarketing.ca/product/humminbird-ice-xplore-shuttle-conversion-kit/,product
https://reyco.glvmarketing.ca/product/humminbird-mega-live-2-forward-facing-sonar/,product
https://reyco.glvmarketing.ca/product/humminbird-mega-live-2-transom-mount-sonar/,product
https://reyco.glvmarketing.ca/product/humminbird-ice-mega-live-2-power-cable/,product
https://reyco.glvmarketing.ca/product/humminbird-ice-mega-live-2-sae-power-cable/,product
https://reyco.glvmarketing.ca/product/humminbird-ice-mega-live-2-compact-pole-mount/,product
https://reyco.glvmarketing.ca/product/humminbird-apex-19-mega-si-chartplotter/,product
https://reyco.glvmarketing.ca/product/humminbird-apex-19-mega-si-chartplotter-cho/,product
https://reyco.glvmarketing.ca/product/humminbird-apex-16-mega-si-chartplotter/,product
https://reyco.glvmarketing.ca/product/humminbird-apex-16-mega-si-chartplotter-cho/,product
https://reyco.glvmarketing.ca/product/humminbird-apex-13-mega-si-chartplotter/,product
https://reyco.glvmarketing.ca/product/humminbird-apex-13-mega-si-chartplotter-cho/,product
https://reyco.glvmarketing.ca/product/echo-srm-3020-heavy-duty-trimmer/,product
https://reyco.glvmarketing.ca/product/echo-srm-410-pro-trimmer/,product
https://reyco.glvmarketing.ca/product/echo-srm-266-pro-grade-trimmer/,product
https://reyco.glvmarketing.ca/product/echo-srm-2620u-u-handle-brushcutter/,product
https://reyco.glvmarketing.ca/product/echo-srm-2320-straight-shaft-trimmer/,product
https://reyco.glvmarketing.ca/product/echo-srm-2620-trimmer/,product
https://reyco.glvmarketing.ca/product/echo-srm-225-string-trimmer/,product
https://reyco.glvmarketing.ca/product/echo-shc-2620s-pro-shafted-s/,product
https://reyco.glvmarketing.ca/product/echo-shc-225s-shafted-hedge-trimmer-s/,product
https://reyco.glvmarketing.ca/product/echo-shc-2620-pro-shafted-hedge-trimmer/,product
https://reyco.glvmarketing.ca/product/echo-shc-225-shafted-hedge-trimmer/,product
https://reyco.glvmarketing.ca/product/echo-pwe-1800-electric-pressure-washer/,product
https://reyco.glvmarketing.ca/product/echo-pw-3600-pro-gas-pressure-washer/,product
https://reyco.glvmarketing.ca/product/echo-pw-4200-flagship-pro-pressure-washer/,product
https://reyco.glvmarketing.ca/product/echo-pw-3100-gas-pressure-washer/,product
https://reyco.glvmarketing.ca/product/echo-pw-3200-gas-pressure-washer/,product
https://reyco.glvmarketing.ca/product/echo-pb-9010t-x-series-backpack-blower/,product
https://reyco.glvmarketing.ca/product/echo-pe-2620-walk-behind-edger/,product
https://reyco.glvmarketing.ca/product/echo-pb-770-pro-backpack-blower/,product
https://reyco.glvmarketing.ca/product/echo-pb-8010-x-series-backpack-blower/,product
https://reyco.glvmarketing.ca/product/echo-pb-755st-backpack-blower/,product
https://reyco.glvmarketing.ca/product/echo-pb-760lnt-low-noise-backpack-tube/,product
https://reyco.glvmarketing.ca/product/echo-pb-580t-backpack-blower/,product
https://reyco.glvmarketing.ca/product/echo-pb-265ln-low-noise-handheld/,product
https://reyco.glvmarketing.ca/product/echo-pb-2620-handheld-blower/,product
https://reyco.glvmarketing.ca/product/echo-pb-2520-handheld-blower/,product
https://reyco.glvmarketing.ca/product/echo-pb-255ln-low-noise-handheld/,product
https://reyco.glvmarketing.ca/product/echo-pas-225-homeowner-powerhead/,product
https://reyco.glvmarketing.ca/product/echo-pas-2620-pro-powerhead/,product
https://reyco.glvmarketing.ca/product/echo-hca-2620-articulating-extended-reach/,product
https://reyco.glvmarketing.ca/product/echo-hca-2620s-articulating-extended-reach-s/,product
https://reyco.glvmarketing.ca/product/echo-hc-2020-hedge-trimmer/,product
https://reyco.glvmarketing.ca/product/echo-hc-2210-double-sided-hedge-trimmer/,product
https://reyco.glvmarketing.ca/product/echo-hc-2810-heavy-double-sided-hedge-trimmer/,product
https://reyco.glvmarketing.ca/product/echo-hc-155-single-sided-hedge-trimmer/,product
https://reyco.glvmarketing.ca/product/echo-es-250-handheld-shred-vac/,product
https://reyco.glvmarketing.ca/product/echo-gt-225-curved-shaft-trimmer/,product
https://reyco.glvmarketing.ca/product/echo-dsrm-2600-cordless-string-trimmer/,product
https://reyco.glvmarketing.ca/product/echo-dsrm-2600u-cordless-u-handle-brushcutter/,product
https://reyco.glvmarketing.ca/product/echo-dpb-2500le-limited-edition-pink-blower/,product
https://reyco.glvmarketing.ca/product/echo-dsrm-2100-cordless-string-trimmer/,product
https://reyco.glvmarketing.ca/product/echo-dpas-2600-cordless-pas-pro-powerhead/,product
https://reyco.glvmarketing.ca/product/echo-dpb-2500-cordless-handheld-blower/,product
https://reyco.glvmarketing.ca/product/echo-dlm-2100sp-cordless-self-propelled-mower/,product
https://reyco.glvmarketing.ca/product/echo-dpas-2100-cordless-pas-powerhead/,product
https://reyco.glvmarketing.ca/product/echo-dhc-2300-cordless-hedge-trimmer/,product
https://reyco.glvmarketing.ca/product/echo-dlm-2100-cordless-push-mower/,product
https://reyco.glvmarketing.ca/product/echo-dcs-5000-56v-cordless-chainsaw/,product
https://reyco.glvmarketing.ca/product/echo-dcs-2500t-cordless-top-handle-chainsaw/,product
https://reyco.glvmarketing.ca/product/echo-csg-7410-handheld-cut-off-saw/,product
https://reyco.glvmarketing.ca/product/echo-cwt-7410-walk-behind-cut-off-saw/,product
https://reyco.glvmarketing.ca/product/echo-cs-680-chainsaw/,product
https://reyco.glvmarketing.ca/product/echo-cs-7310p-heavy-production-chainsaw/,product
https://reyco.glvmarketing.ca/product/echo-cs-590-timber-wolf-chainsaw/,product
https://reyco.glvmarketing.ca/product/echo-cs-620p-pro-chainsaw/,product
https://reyco.glvmarketing.ca/product/echo-cs-4910-pro-chainsaw/,product
https://reyco.glvmarketing.ca/product/echo-cs-501p-pro-chainsaw/,product
https://reyco.glvmarketing.ca/product/echo-cs-4510-mid-homeowner-chainsaw/,product
https://reyco.glvmarketing.ca/product/echo-cs-490-mid-pro-chainsaw/,product
https://reyco.glvmarketing.ca/product/echo-cs-361p-mid-pro-chainsaw/,product
https://reyco.glvmarketing.ca/product/echo-cs-370f-farm-ranch-chainsaw/,product
https://reyco.glvmarketing.ca/product/echo-cs-352-chainsaw/,product
https://reyco.glvmarketing.ca/product/echo-cs-355t-top-handle-chainsaw/,product
https://reyco.glvmarketing.ca/product/echo-cs-310-chainsaw/,product
https://reyco.glvmarketing.ca/product/echo-cs-3510-homeowner-chainsaw/,product
https://reyco.glvmarketing.ca/product/echo-cs-271t-top-handle-chainsaw/,product
https://reyco.glvmarketing.ca/product/echo-cs-2511p-compact-pro-chainsaw/,product
https://reyco.glvmarketing.ca/product/echo-cs-2511t-top-handle-chainsaw/,product
https://reyco.glvmarketing.ca/product/cub-cadet-challenger-750-mx-hisun-built-utv/,product
https://reyco.glvmarketing.ca/product/cannon-downrigger-weight-8-lb-cannon-ball/,product
https://reyco.glvmarketing.ca/product/cannon-downrigger-weight-4-lb-cannon-ball/,product
https://reyco.glvmarketing.ca/product/cannon-downrigger-weight-6-lb-cannon-ball/,product
https://reyco.glvmarketing.ca/product/cannon-downrigger-weight-10-lb-cannon-ball/,product
https://reyco.glvmarketing.ca/product/cannon-uni-stacker-release/,product
https://reyco.glvmarketing.ca/product/cannon-uni-troll-10-ts/,product
https://reyco.glvmarketing.ca/product/cannon-uni-troll-5/,product
https://reyco.glvmarketing.ca/product/cannon-optimum-ts-downrigger/,product
https://reyco.glvmarketing.ca/product/cannon-uni-troll-10/,product
https://reyco.glvmarketing.ca/product/cannon-optimum-downrigger/,product
https://reyco.glvmarketing.ca/product/cannon-mini-troll/,product
https://reyco.glvmarketing.ca/product/cannon-magnum-10-ts/,product
https://reyco.glvmarketing.ca/product/cannon-magnum-5/,product
https://reyco.glvmarketing.ca/product/cannon-magnum-10/,product
https://reyco.glvmarketing.ca/product/cannon-lake-troll/,product
https://reyco.glvmarketing.ca/product/cannon-easi-troll/,product
https://reyco.glvmarketing.ca/product/2026-trailer-x-4/,product
https://reyco.glvmarketing.ca/product/2026-toro-77404-2/,product
https://reyco.glvmarketing.ca/product/2026-toro-77283/,product
https://reyco.glvmarketing.ca/product/2026-toro-72504/,product
https://reyco.glvmarketing.ca/product/2026-princecraft-vectra-21-rl/,product
https://reyco.glvmarketing.ca/product/2026-mercury-115-exlpt-pro-xs/,product
https://reyco.glvmarketing.ca/product/2026-mercury-90-exlpt-ct/,product
https://reyco.glvmarketing.ca/product/2026-mercury-150-xl/,product
https://reyco.glvmarketing.ca/product/2026-cub-cadet-13apa9tta10-6/,product
https://reyco.glvmarketing.ca/product/2026-cub-cadet-13b5a2tla10/,product
https://reyco.glvmarketing.ca/product/xt1-lt50-fab/,product
https://reyco.glvmarketing.ca/product/2026-cub-cadet-13apa1tea10-6/,product
https://reyco.glvmarketing.ca/product/xt1-lt42-intellipower-2/,product
https://reyco.glvmarketing.ca/product/2025-toro-77502/,product
https://reyco.glvmarketing.ca/product/2025-toro-77507/,product
https://reyco.glvmarketing.ca/product/2025-mercury-me-9-9mh-4s/,product
https://reyco.glvmarketing.ca/product/2025-princecraft-amarok-166-ws/,product
https://reyco.glvmarketing.ca/product/2025-mercury-me-60-elhpt-ct-4s/,product
https://reyco.glvmarketing.ca/product/2025-mercury-me-50-elhpt-4s-efi/,product
https://reyco.glvmarketing.ca/product/2025-mercury-me-2-5mh-4s-tmc/,product
https://reyco.glvmarketing.ca/product/2025-easy-hauler-1250-painted-trailer-480-x-12b-e-coat/,product
https://reyco.glvmarketing.ca/product/2024-toro-74532/,product
https://reyco.glvmarketing.ca/product/2025-cub-cadet-17argbyna10-2/,product
https://reyco.glvmarketing.ca/product/2024-princecraft-resorter-160-bt/,product
https://reyco.glvmarketing.ca/product/2024-mercury-me-25-eh-efi-4s/,product
https://reyco.glvmarketing.ca/product/2024-easy-hauler-al-1610b-yc/,product
https://reyco.glvmarketing.ca/product/2024-cub-cadet-17aieac3a10/,product
https://reyco.glvmarketing.ca/product/2023-mercury-me-9-9elh-4s-tmc/,product
https://reyco.glvmarketing.ca/product/2023-mercury-me-3-5mh-4s-tmc/,product
https://reyco.glvmarketing.ca/product/2023-mercury-115-pro-xs/,product
https://reyco.glvmarketing.ca/product/2023-cub-cadet-17aieacl010/,product
https://reyco.glvmarketing.ca/product/2022-toro-74055/,product
https://reyco.glvmarketing.ca/product/2022-mercury-me-9-9elh-4s-tmc/,product
https://reyco.glvmarketing.ca/product/2022-easy-hauler-al-ptdb2026-tri/,product
https://reyco.glvmarketing.ca/product/2021-mercury-me-2-5mh-4s-tmc/,product
https://reyco.glvmarketing.ca/product/2014-mercury-50-elhpt-4s-efi/,product
https://reyco.glvmarketing.ca/product/2026-trailer-x-2/,product
https://reyco.glvmarketing.ca/product/2026-trailer-x-3/,product
https://reyco.glvmarketing.ca/product/2025-trailer-x/,product
https://reyco.glvmarketing.ca/product/2024-trailer-x/,product
https://reyco.glvmarketing.ca/product/2026-trailer-x/,product
https://reyco.glvmarketing.ca/product/2025-trailer-x-2/,product
https://reyco.glvmarketing.ca/product/xt1-st54-fab/,product
https://reyco.glvmarketing.ca/product/xt2-gx54-d/,product
https://reyco.glvmarketing.ca/product/xt2-lx46/,product
https://reyco.glvmarketing.ca/product/2026-toro-75747/,product
https://reyco.glvmarketing.ca/product/2026-cub-cadet-13apa1tea10-4/,product
https://reyco.glvmarketing.ca/product/2026-toro-77501/,product
https://reyco.glvmarketing.ca/product/2026-cub-cadet-13b6a9tta10-3/,product
https://reyco.glvmarketing.ca/product/2026-toro-77503/,product
https://reyco.glvmarketing.ca/product/2026-cub-cadet-13a6a9ts596-6/,product
https://reyco.glvmarketing.ca/product/2026-cub-cadet-13b6a9tta10-4/,product
https://reyco.glvmarketing.ca/product/2026-cub-cadet-13apa9tta10-5/,product
https://reyco.glvmarketing.ca/product/2026-cub-cadet-13apa1tna10-4/,product
https://reyco.glvmarketing.ca/product/2026-cub-cadet-13aqa2tma10/,product
https://reyco.glvmarketing.ca/product/2026-toro-22217/,product
https://reyco.glvmarketing.ca/product/2023-cub-cadet-17argbyea10/,product
https://reyco.glvmarketing.ca/product/2024-cub-cadet-17argbyla10/,product
https://reyco.glvmarketing.ca/product/2024-cub-cadet-17aieac2a10/,product
https://reyco.glvmarketing.ca/product/rj-truss-pipe-dock-aluminum/,product
https://reyco.glvmarketing.ca/product/rj-floating-truss-dock/,product
https://reyco.glvmarketing.ca/product/rj-lux-floating-dock-system/,product
https://reyco.glvmarketing.ca/product/rj-wavex-modular-dock-system/,product
https://reyco.glvmarketing.ca/product/rj-lift-up-step-dock/,product
https://reyco.glvmarketing.ca/product/rj-cantilever-boat-lift/,product
https://reyco.glvmarketing.ca/product/rj-hydraulic-boat-lift/,product
https://reyco.glvmarketing.ca/product/rj-vertical-pontoon-boat-lift/,product
https://reyco.glvmarketing.ca/product/rj-hydro-extreme-boat-lift/,product
https://reyco.glvmarketing.ca/product/rj-hidden-beam-wet-slip-lift/,product
https://reyco.glvmarketing.ca/product/rj-boat-lift-roof-system/,product
https://reyco.glvmarketing.ca/product/rj-hydraulic-pwc-lift/,product
https://reyco.glvmarketing.ca/product/rj-marine-railway-system/,product
https://reyco.glvmarketing.ca/product/2021-mercury-me-5-mh-lpg-4s/,product
https://reyco.glvmarketing.ca/product/2024-mercury-me-8eh-4s/,product
https://reyco.glvmarketing.ca/product/2025-mercury-me-50-elpt-ct-4s-efi/,product
https://reyco.glvmarketing.ca/product/2024-mercury-me-15-elpt-4s/,product
https://reyco.glvmarketing.ca/product/2025-mercury-me-60-elpt-ct-4s-efi/,product
https://reyco.glvmarketing.ca/product/2026-mercury-50-elpt-efi-ct/,product
https://reyco.glvmarketing.ca/product/2025-mercury-me-25-elpt-efi-4s/,product
https://reyco.glvmarketing.ca/product/2023-princecraft-sportfisher-21-2s/,product
https://reyco.glvmarketing.ca/product/2023-princecraft-sportfisher-23-2rs/,product
https://reyco.glvmarketing.ca/product/2026-mercury-me-115xl-pxs4s/,product
https://reyco.glvmarketing.ca/product/2023-princecraft-sportfisher-21-2rs/,product
https://reyco.glvmarketing.ca/product/26-mercury-me-90elpt-4s/,product
https://reyco.glvmarketing.ca/product/2024-mercury-me-50-elpt-4s-efi/,product
https://reyco.glvmarketing.ca/product/2024-mercury-me-15-eh-4s/,product
https://reyco.glvmarketing.ca/product/2022-mercury-me-5-mxlha-lpg-4s-sailpower/,product
https://reyco.glvmarketing.ca/product/2025-mercury-me-20-eh-4s/,product
https://reyco.glvmarketing.ca/product/2024-mercury-me-25-elhpt-efi-4s/,product
https://reyco.glvmarketing.ca/brand/princecraft/,product_brand
https://reyco.glvmarketing.ca/brand/mercury/,product_brand
https://reyco.glvmarketing.ca/brand/humminbird/,product_brand
https://reyco.glvmarketing.ca/brand/cub-cadet/,product_brand
https://reyco.glvmarketing.ca/brand/toro/,product_brand
https://reyco.glvmarketing.ca/brand/cannon/,product_brand
https://reyco.glvmarketing.ca/brand/echo/,product_brand
https://reyco.glvmarketing.ca/brand/hisun/,product_brand
https://reyco.glvmarketing.ca/brand/rj-machine/,product_brand
https://reyco.glvmarketing.ca/brand/easy-hauler/,product_brand
https://reyco.glvmarketing.ca/brand/trailer/,product_brand
https://reyco.glvmarketing.ca/brand/cub-cadet-utv/,product_brand
https://reyco.glvmarketing.ca/brand/minnkota/,product_brand
https://reyco.glvmarketing.ca/product-category/uncategorized/,product_cat
