slug,url,page_type
princecraft-fishing-boats-northern-ontario,https://reyco.glvmarketing.ca/princecraft-fishing-boats-northern-ontario/,blog_post
choosing-mercury-outboard-northern-ontario,https://reyco.glvmarketing.ca/choosing-mercury-outboard-northern-ontario/,blog_post
golf-carts-cottage-country-northern-ontario-ez-go,https://reyco.glvmarketing.ca/golf-carts-cottage-country-northern-ontario-ez-go/,blog_post
best-boat-trailer-northern-ontario-easy-hauler,https://reyco.glvmarketing.ca/best-boat-trailer-northern-ontario-easy-hauler/,blog_post
troy-bilt-outdoor-power-equipment-northern-ontario,https://reyco.glvmarketing.ca/troy-bilt-outdoor-power-equipment-northern-ontario/,blog_post
how-to-store-your-mower-so-it-actually-starts-in-may-i-see-this-go-wrong-every-year,https://reyco.glvmarketing.ca/how-to-store-your-mower-so-it-actually-starts-in-may-i-see-this-go-wrong-every-year/,blog_post
twenty-years-behind-the-napa-counter-taught-me-everything,https://reyco.glvmarketing.ca/twenty-years-behind-the-napa-counter-taught-me-everything/,blog_post
opening-weekend-is-basically-christmas-for-me-here-is-how-i-prep-my-boat,https://reyco.glvmarketing.ca/opening-weekend-is-basically-christmas-for-me-here-is-how-i-prep-my-boat/,blog_post
what-you-actually-need-for-a-northern-ontario-cottage-from-the-guys-who-sell-all-of-it,https://reyco.glvmarketing.ca/what-you-actually-need-for-a-northern-ontario-cottage-from-the-guys-who-sell-all-of-it/,blog_post
my-favourite-walleye-spots-within-an-hour-of-the-sault,https://reyco.glvmarketing.ca/my-favourite-walleye-spots-within-an-hour-of-the-sault/,blog_post
every-boat-launch-near-the-sault-ranked-by-a-guy-who-has-used-them-all,https://reyco.glvmarketing.ca/every-boat-launch-near-the-sault-ranked-by-a-guy-who-has-used-them-all/,blog_post
what-nobody-tells-you-before-you-buy-your-first-boat,https://reyco.glvmarketing.ca/what-nobody-tells-you-before-you-buy-your-first-boat/,blog_post
why-i-bet-everything-on-a-marine-dealership-in-2023,https://reyco.glvmarketing.ca/why-i-bet-everything-on-a-marine-dealership-in-2023/,blog_post
we-sponsored-the-pike-derby-again-and-it-was-the-best-one-yet,https://reyco.glvmarketing.ca/we-sponsored-the-pike-derby-again-and-it-was-the-best-one-yet/,blog_post
we-are-bringing-the-whole-fleet-to-the-2026-sault-boat-show,https://reyco.glvmarketing.ca/we-are-bringing-the-whole-fleet-to-the-2026-sault-boat-show/,blog_post
riding-mower-or-zero-turn-here-is-what-i-tell-people,https://reyco.glvmarketing.ca/riding-mower-or-zero-turn-here-is-what-i-tell-people/,blog_post
my-spring-lawn-routine-after-15-years-in-northern-ontario,https://reyco.glvmarketing.ca/my-spring-lawn-routine-after-15-years-in-northern-ontario/,blog_post
preparing-snowblower-for-winter,https://reyco.glvmarketing.ca/preparing-snowblower-for-winter/,blog_post
choosing-right-horsepower,https://reyco.glvmarketing.ca/choosing-right-horsepower/,blog_post
equipment-financing-tax-benefits,https://reyco.glvmarketing.ca/equipment-financing-tax-benefits/,blog_post
boat-less-than-truck-payment,https://reyco.glvmarketing.ca/boat-less-than-truck-payment/,blog_post
cub-cadet-vs-toro,https://reyco.glvmarketing.ca/cub-cadet-vs-toro/,blog_post
two-stage-vs-three-stage-snowblower,https://reyco.glvmarketing.ca/two-stage-vs-three-stage-snowblower/,blog_post
dealer-vs-canadian-tire,https://reyco.glvmarketing.ca/dealer-vs-canadian-tire/,blog_post
winterization-guide,https://reyco.glvmarketing.ca/winterization-guide/,blog_post
spring-commissioning-checklist,https://reyco.glvmarketing.ca/spring-commissioning-checklist/,blog_post
minnkota-spot-lock-guide,https://reyco.glvmarketing.ca/minnkota-spot-lock-guide/,blog_post
mercury-vs-yamaha,https://reyco.glvmarketing.ca/mercury-vs-yamaha/,blog_post
princecraft-canadian-made,https://reyco.glvmarketing.ca/princecraft-canadian-made/,blog_post
pontoon-vs-fishing-boat,https://reyco.glvmarketing.ca/pontoon-vs-fishing-boat/,blog_post
first-time-boat-buyers-guide,https://reyco.glvmarketing.ca/first-time-boat-buyers-guide/,blog_post
boat-financing-in-ontario-how-we-actually-make-it-work-for-people,https://reyco.glvmarketing.ca/boat-financing-in-ontario-how-we-actually-make-it-work-for-people/,blog_post
how-i-pick-the-right-outboard-motor-for-every-boat-that-comes-through-our-shop,https://reyco.glvmarketing.ca/how-i-pick-the-right-outboard-motor-for-every-boat-that-comes-through-our-shop/,blog_post
how-i-help-people-pick-the-right-snowblower-for-the-sault,https://reyco.glvmarketing.ca/how-i-help-people-pick-the-right-snowblower-for-the-sault/,blog_post
small-engine-repair-in-the-sault-what-i-fix-every-single-week,https://reyco.glvmarketing.ca/small-engine-repair-in-the-sault-what-i-fix-every-single-week/,blog_post
boats-for-sale-in-sault-ste-marie-what-i-wish-someone-told-me-before-buying,https://reyco.glvmarketing.ca/boats-for-sale-in-sault-ste-marie-what-i-wish-someone-told-me-before-buying/,blog_post
xt2-lx46-2,https://reyco.glvmarketing.ca/product/xt2-lx46-2/,wc_product
xt1-lt42-intellipower-4,https://reyco.glvmarketing.ca/product/xt1-lt42-intellipower-4/,wc_product
cc30h,https://reyco.glvmarketing.ca/product/cc30h/,wc_product
xt1-lt42-intellipower-3,https://reyco.glvmarketing.ca/product/xt1-lt42-intellipower-3/,wc_product
xt1-lt42-intellipower-2,https://reyco.glvmarketing.ca/product/xt1-lt42-intellipower-2/,wc_product
xt2-lx46,https://reyco.glvmarketing.ca/product/xt2-lx46/,wc_product
xt1-lt50-fab,https://reyco.glvmarketing.ca/product/xt1-lt50-fab/,wc_product
xt2-gx54-d,https://reyco.glvmarketing.ca/product/xt2-gx54-d/,wc_product
xt1-st54-fab,https://reyco.glvmarketing.ca/product/xt1-st54-fab/,wc_product
xt1-lt42-intellipower,https://reyco.glvmarketing.ca/product/xt1-lt42-intellipower/,wc_product
2026-princecraft-jazz-17-2,https://reyco.glvmarketing.ca/product/2026-princecraft-jazz-17-2/,wc_product
2026-princecraft-jazz-17,https://reyco.glvmarketing.ca/product/2026-princecraft-jazz-17/,wc_product
2023-princecraft-sportfisher-21-2s,https://reyco.glvmarketing.ca/product/2023-princecraft-sportfisher-21-2s/,wc_product
2023-cub-cadet-17aieacl010,https://reyco.glvmarketing.ca/product/2023-cub-cadet-17aieacl010/,wc_product
2025-cub-cadet-17argbyna10-2,https://reyco.glvmarketing.ca/product/2025-cub-cadet-17argbyna10-2/,wc_product
2026-toro-77404-3,https://reyco.glvmarketing.ca/product/2026-toro-77404-3/,wc_product
2024-cub-cadet-17aieac3a10,https://reyco.glvmarketing.ca/product/2024-cub-cadet-17aieac3a10/,wc_product
2025-cub-cadet-17argbyna10,https://reyco.glvmarketing.ca/product/2025-cub-cadet-17argbyna10/,wc_product
2022-toro-74055,https://reyco.glvmarketing.ca/product/2022-toro-74055/,wc_product
2024-cub-cadet-17aieac2a10,https://reyco.glvmarketing.ca/product/2024-cub-cadet-17aieac2a10/,wc_product
2024-cub-cadet-17argbyla10,https://reyco.glvmarketing.ca/product/2024-cub-cadet-17argbyla10/,wc_product
2026-toro-22217-2,https://reyco.glvmarketing.ca/product/2026-toro-22217-2/,wc_product
2023-cub-cadet-17argbyea10,https://reyco.glvmarketing.ca/product/2023-cub-cadet-17argbyea10/,wc_product
2022-mercury-me-60-elpt-4s-efi,https://reyco.glvmarketing.ca/product/2022-mercury-me-60-elpt-4s-efi/,wc_product
2026-toro-77404-2,https://reyco.glvmarketing.ca/product/2026-toro-77404-2/,wc_product
2026-toro-22217,https://reyco.glvmarketing.ca/product/2026-toro-22217/,wc_product
2026-cub-cadet-13aqa2tma10,https://reyco.glvmarketing.ca/product/2026-cub-cadet-13aqa2tma10/,wc_product
2026-cub-cadet-13aqa1tla10-4,https://reyco.glvmarketing.ca/product/2026-cub-cadet-13aqa1tla10-4/,wc_product
2026-cub-cadet-13aqa1tla10-3,https://reyco.glvmarketing.ca/product/2026-cub-cadet-13aqa1tla10-3/,wc_product
2026-cub-cadet-13apa9tta10-6,https://reyco.glvmarketing.ca/product/2026-cub-cadet-13apa9tta10-6/,wc_product
2026-toro-75747-7,https://reyco.glvmarketing.ca/product/2026-toro-75747-7/,wc_product
2026-cub-cadet-13apa1tna10-4,https://reyco.glvmarketing.ca/product/2026-cub-cadet-13apa1tna10-4/,wc_product
2023-mercury-me-15-elphpt-pk-4s-2,https://reyco.glvmarketing.ca/product/2023-mercury-me-15-elphpt-pk-4s-2/,wc_product
2025-mercury-me-25-elpt-efi-4s,https://reyco.glvmarketing.ca/product/2025-mercury-me-25-elpt-efi-4s/,wc_product
2025-mercury-me-2-5mh-4s-tmc-16,https://reyco.glvmarketing.ca/product/2025-mercury-me-2-5mh-4s-tmc-16/,wc_product
2025-trailer-x-4,https://reyco.glvmarketing.ca/product/2025-trailer-x-4/,wc_product
2021-mercury-me-20-elhpt-4s,https://reyco.glvmarketing.ca/product/2021-mercury-me-20-elhpt-4s/,wc_product
2025-mercury-me-9-9mh-4s-7,https://reyco.glvmarketing.ca/product/2025-mercury-me-9-9mh-4s-7/,wc_product
2026-cub-cadet-13apa9tta10-5,https://reyco.glvmarketing.ca/product/2026-cub-cadet-13apa9tta10-5/,wc_product
2023-mercury-90-exlpt-ct-2,https://reyco.glvmarketing.ca/product/2023-mercury-90-exlpt-ct-2/,wc_product
2026-mercury-150-xl,https://reyco.glvmarketing.ca/product/2026-mercury-150-xl/,wc_product
2022-mercury-me-30-elpt-efi-4s-2,https://reyco.glvmarketing.ca/product/2022-mercury-me-30-elpt-efi-4s-2/,wc_product
2025-mercury-me-6mh-10,https://reyco.glvmarketing.ca/product/2025-mercury-me-6mh-10/,wc_product
2025-mercury-40-elpt,https://reyco.glvmarketing.ca/product/2025-mercury-40-elpt/,wc_product
2025-mercury-me-2-5mh-4s-tmc-15,https://reyco.glvmarketing.ca/product/2025-mercury-me-2-5mh-4s-tmc-15/,wc_product
2026-mercury-50-elpt-efi-ct-2,https://reyco.glvmarketing.ca/product/2026-mercury-50-elpt-efi-ct-2/,wc_product
2026-cub-cadet-13apa1tea10-8,https://reyco.glvmarketing.ca/product/2026-cub-cadet-13apa1tea10-8/,wc_product
2022-mercury-me-20-mlh-4s-2,https://reyco.glvmarketing.ca/product/2022-mercury-me-20-mlh-4s-2/,wc_product
2024-mercury-me-50-elpt-4s-efi-4,https://reyco.glvmarketing.ca/product/2024-mercury-me-50-elpt-4s-efi-4/,wc_product
2024-toro-74532-2,https://reyco.glvmarketing.ca/product/2024-toro-74532-2/,wc_product
2025-mercury-me-2-5mh-4s-tmc-14,https://reyco.glvmarketing.ca/product/2025-mercury-me-2-5mh-4s-tmc-14/,wc_product
2026-easy-hauler-al-ptdb2023-4,https://reyco.glvmarketing.ca/product/2026-easy-hauler-al-ptdb2023-4/,wc_product
2023-mercury-me-3-5mh-4s-tmc-5,https://reyco.glvmarketing.ca/product/2023-mercury-me-3-5mh-4s-tmc-5/,wc_product
2026-toro-77283-3,https://reyco.glvmarketing.ca/product/2026-toro-77283-3/,wc_product
2023-mercury-me-30-elhpt-efi-4s-5,https://reyco.glvmarketing.ca/product/2023-mercury-me-30-elhpt-efi-4s-5/,wc_product
2025-mercury-me-2-5mh-4s-tmc-13,https://reyco.glvmarketing.ca/product/2025-mercury-me-2-5mh-4s-tmc-13/,wc_product
2024-trailer-x-2,https://reyco.glvmarketing.ca/product/2024-trailer-x-2/,wc_product
2026-mercury-50-elpt-efi-ct,https://reyco.glvmarketing.ca/product/2026-mercury-50-elpt-efi-ct/,wc_product
2025-mercury-me-2-5mh-4s-tmc-12,https://reyco.glvmarketing.ca/product/2025-mercury-me-2-5mh-4s-tmc-12/,wc_product
26-mercury-me-90elpt-4s-4,https://reyco.glvmarketing.ca/product/26-mercury-me-90elpt-4s-4/,wc_product
2026-cub-cadet-13a6a9ts596-7,https://reyco.glvmarketing.ca/product/2026-cub-cadet-13a6a9ts596-7/,wc_product
2025-mercury-me-5mh-4,https://reyco.glvmarketing.ca/product/2025-mercury-me-5mh-4/,wc_product
2026-trailer-x-4,https://reyco.glvmarketing.ca/product/2026-trailer-x-4/,wc_product
2026-mercury-me-115xl-pxs4s-5,https://reyco.glvmarketing.ca/product/2026-mercury-me-115xl-pxs4s-5/,wc_product
2026-toro-75747-6,https://reyco.glvmarketing.ca/product/2026-toro-75747-6/,wc_product
2023-mercury-60-elpt,https://reyco.glvmarketing.ca/product/2023-mercury-60-elpt/,wc_product
2022-mercury-me-15-elh-4s,https://reyco.glvmarketing.ca/product/2022-mercury-me-15-elh-4s/,wc_product
2026-cub-cadet-13apa1tna10-3,https://reyco.glvmarketing.ca/product/2026-cub-cadet-13apa1tna10-3/,wc_product
2014-mercury-50-elhpt-4s-efi,https://reyco.glvmarketing.ca/product/2014-mercury-50-elhpt-4s-efi/,wc_product
2025-toro-77507,https://reyco.glvmarketing.ca/product/2025-toro-77507/,wc_product
2026-cub-cadet-13b6a9tta10-4,https://reyco.glvmarketing.ca/product/2026-cub-cadet-13b6a9tta10-4/,wc_product
2025-easy-hauler-1250-painted-trailer-480-x-12b-e-coat,https://reyco.glvmarketing.ca/product/2025-easy-hauler-1250-painted-trailer-480-x-12b-e-coat/,wc_product
2026-mercury-me-115xl-pxs4s-4,https://reyco.glvmarketing.ca/product/2026-mercury-me-115xl-pxs4s-4/,wc_product
2025-mercury-me-50-elhpt-4s-efi,https://reyco.glvmarketing.ca/product/2025-mercury-me-50-elhpt-4s-efi/,wc_product
2025-mercury-75-elpt-2,https://reyco.glvmarketing.ca/product/2025-mercury-75-elpt-2/,wc_product
2026-mercury-115-exlpt-pro-xs-3,https://reyco.glvmarketing.ca/product/2026-mercury-115-exlpt-pro-xs-3/,wc_product
2026-cub-cadet-13b5a2tla10,https://reyco.glvmarketing.ca/product/2026-cub-cadet-13b5a2tla10/,wc_product
2023-mercury-me-9-9elh-4s-tmc-2,https://reyco.glvmarketing.ca/product/2023-mercury-me-9-9elh-4s-tmc-2/,wc_product
2022-mercury-me-8mh-4s-tmc-2,https://reyco.glvmarketing.ca/product/2022-mercury-me-8mh-4s-tmc-2/,wc_product
2025-mercury-me-20-eh-4s-2,https://reyco.glvmarketing.ca/product/2025-mercury-me-20-eh-4s-2/,wc_product
2023-mercury-me-15-elhpt-pk-4s,https://reyco.glvmarketing.ca/product/2023-mercury-me-15-elhpt-pk-4s/,wc_product
2026-cub-cadet-13a6a9ts596-6,https://reyco.glvmarketing.ca/product/2026-cub-cadet-13a6a9ts596-6/,wc_product
2026-toro-75747-5,https://reyco.glvmarketing.ca/product/2026-toro-75747-5/,wc_product
2026-trailer-x-3,https://reyco.glvmarketing.ca/product/2026-trailer-x-3/,wc_product
2024-easy-hauler-al-1610b-yc,https://reyco.glvmarketing.ca/product/2024-easy-hauler-al-1610b-yc/,wc_product
2025-mercury-me-60-elpt-ct-4s-efi,https://reyco.glvmarketing.ca/product/2025-mercury-me-60-elpt-ct-4s-efi/,wc_product
2026-easy-hauler-al-ptdb2023-3,https://reyco.glvmarketing.ca/product/2026-easy-hauler-al-ptdb2023-3/,wc_product
2024-mercury-me-6mlh-4,https://reyco.glvmarketing.ca/product/2024-mercury-me-6mlh-4/,wc_product
2022-easy-hauler-al-ptdb2026-tri-5,https://reyco.glvmarketing.ca/product/2022-easy-hauler-al-ptdb2026-tri-5/,wc_product
2023-mercury-me-40-elhpt-4s-efi,https://reyco.glvmarketing.ca/product/2023-mercury-me-40-elhpt-4s-efi/,wc_product
2026-toro-77503,https://reyco.glvmarketing.ca/product/2026-toro-77503/,wc_product
2025-mercury-me-5mh-3,https://reyco.glvmarketing.ca/product/2025-mercury-me-5mh-3/,wc_product
2024-mercury-me-15-elpt-4s,https://reyco.glvmarketing.ca/product/2024-mercury-me-15-elpt-4s/,wc_product
2022-easy-hauler-al-ptdb2026-tri-4,https://reyco.glvmarketing.ca/product/2022-easy-hauler-al-ptdb2026-tri-4/,wc_product
2026-cub-cadet-13apa9tta10-4,https://reyco.glvmarketing.ca/product/2026-cub-cadet-13apa9tta10-4/,wc_product
2026-mercury-115-exlpt-pro-xs-2,https://reyco.glvmarketing.ca/product/2026-mercury-115-exlpt-pro-xs-2/,wc_product
2025-mercury-me-50-elpt-ct-4s-efi,https://reyco.glvmarketing.ca/product/2025-mercury-me-50-elpt-ct-4s-efi/,wc_product
2025-mercury-me-60-elhpt-ct-4s-2,https://reyco.glvmarketing.ca/product/2025-mercury-me-60-elhpt-ct-4s-2/,wc_product
2024-mercury-me-6mlh-3,https://reyco.glvmarketing.ca/product/2024-mercury-me-6mlh-3/,wc_product
2023-mercury-me-3-5mh-4s-tmc-4,https://reyco.glvmarketing.ca/product/2023-mercury-me-3-5mh-4s-tmc-4/,wc_product
2021-mercury-me-5-mh-lpg-4s-2,https://reyco.glvmarketing.ca/product/2021-mercury-me-5-mh-lpg-4s-2/,wc_product
2024-mercury-me-50-elpt-4s-efi-3,https://reyco.glvmarketing.ca/product/2024-mercury-me-50-elpt-4s-efi-3/,wc_product
2026-cub-cadet-13aqa1tla10-2,https://reyco.glvmarketing.ca/product/2026-cub-cadet-13aqa1tla10-2/,wc_product
2023-mercury-115-pro-xs-2,https://reyco.glvmarketing.ca/product/2023-mercury-115-pro-xs-2/,wc_product
2025-trailer-x-3,https://reyco.glvmarketing.ca/product/2025-trailer-x-3/,wc_product
2023-mercury-me-30-elhpt-efi-4s-4,https://reyco.glvmarketing.ca/product/2023-mercury-me-30-elhpt-efi-4s-4/,wc_product
2026-mercury-90-exlpt-ct,https://reyco.glvmarketing.ca/product/2026-mercury-90-exlpt-ct/,wc_product
2023-mercury-me-20-mlh-4s-2,https://reyco.glvmarketing.ca/product/2023-mercury-me-20-mlh-4s-2/,wc_product
2025-mercury-me-6mh-9,https://reyco.glvmarketing.ca/product/2025-mercury-me-6mh-9/,wc_product
2021-mercury-me-2-5mh-4s-tmc-2,https://reyco.glvmarketing.ca/product/2021-mercury-me-2-5mh-4s-tmc-2/,wc_product
2026-cub-cadet-13apa1tea10-7,https://reyco.glvmarketing.ca/product/2026-cub-cadet-13apa1tea10-7/,wc_product
2026-cub-cadet-13aqa1tla10,https://reyco.glvmarketing.ca/product/2026-cub-cadet-13aqa1tla10/,wc_product
2025-mercury-me-2-5mh-4s-tmc-11,https://reyco.glvmarketing.ca/product/2025-mercury-me-2-5mh-4s-tmc-11/,wc_product
2024-mercury-me-25-eh-efi-4s,https://reyco.glvmarketing.ca/product/2024-mercury-me-25-eh-efi-4s/,wc_product
2023-mercury-me-30-elhpt-efi-4s-3,https://reyco.glvmarketing.ca/product/2023-mercury-me-30-elhpt-efi-4s-3/,wc_product
2024-mercury-me-8eh-4s,https://reyco.glvmarketing.ca/product/2024-mercury-me-8eh-4s/,wc_product
2025-mercury-me-6mh-8,https://reyco.glvmarketing.ca/product/2025-mercury-me-6mh-8/,wc_product
2026-toro-77404,https://reyco.glvmarketing.ca/product/2026-toro-77404/,wc_product
2025-mercury-me-20-mh-4s,https://reyco.glvmarketing.ca/product/2025-mercury-me-20-mh-4s/,wc_product
2023-mercury-me-3-5mh-4s-tmc-3,https://reyco.glvmarketing.ca/product/2023-mercury-me-3-5mh-4s-tmc-3/,wc_product
26-mercury-me-90elpt-4s-3,https://reyco.glvmarketing.ca/product/26-mercury-me-90elpt-4s-3/,wc_product
2026-mercury-40-elpt,https://reyco.glvmarketing.ca/product/2026-mercury-40-elpt/,wc_product
2025-mercury-me-6mh-7,https://reyco.glvmarketing.ca/product/2025-mercury-me-6mh-7/,wc_product
2026-toro-77283-2,https://reyco.glvmarketing.ca/product/2026-toro-77283-2/,wc_product
2026-cub-cadet-13apa1tea10-6,https://reyco.glvmarketing.ca/product/2026-cub-cadet-13apa1tea10-6/,wc_product
2024-mercury-me-25-elhpt-efi-4s-2,https://reyco.glvmarketing.ca/product/2024-mercury-me-25-elhpt-efi-4s-2/,wc_product
2022-mercury-me-9-9elh-4s-tmc,https://reyco.glvmarketing.ca/product/2022-mercury-me-9-9elh-4s-tmc/,wc_product
2026-cub-cadet-13a6a9ts596-5,https://reyco.glvmarketing.ca/product/2026-cub-cadet-13a6a9ts596-5/,wc_product
2025-mercury-me-2-5mh-4s-tmc-10,https://reyco.glvmarketing.ca/product/2025-mercury-me-2-5mh-4s-tmc-10/,wc_product
2025-mercury-me-9-9mh-4s-6,https://reyco.glvmarketing.ca/product/2025-mercury-me-9-9mh-4s-6/,wc_product
2026-mercury-me-115xl-pxs4s-3,https://reyco.glvmarketing.ca/product/2026-mercury-me-115xl-pxs4s-3/,wc_product
2026-easy-hauler-al-ptdb2023-2,https://reyco.glvmarketing.ca/product/2026-easy-hauler-al-ptdb2023-2/,wc_product
2026-cub-cadet-13apa9tta10-3,https://reyco.glvmarketing.ca/product/2026-cub-cadet-13apa9tta10-3/,wc_product
2026-cub-cadet-13apa9tta10-2,https://reyco.glvmarketing.ca/product/2026-cub-cadet-13apa9tta10-2/,wc_product
2026-cub-cadet-13apa9tta10,https://reyco.glvmarketing.ca/product/2026-cub-cadet-13apa9tta10/,wc_product
2025-princecraft-amarok-166-ws,https://reyco.glvmarketing.ca/product/2025-princecraft-amarok-166-ws/,wc_product
2026-cub-cadet-13b6a9tta10-3,https://reyco.glvmarketing.ca/product/2026-cub-cadet-13b6a9tta10-3/,wc_product
2026-trailer-x-2,https://reyco.glvmarketing.ca/product/2026-trailer-x-2/,wc_product
2025-trailer-x-2,https://reyco.glvmarketing.ca/product/2025-trailer-x-2/,wc_product
2025-mercury-75-elpt,https://reyco.glvmarketing.ca/product/2025-mercury-75-elpt/,wc_product
2026-princecraft-vectra-21-rl,https://reyco.glvmarketing.ca/product/2026-princecraft-vectra-21-rl/,wc_product
2026-cub-cadet-13b6a9tta10-2,https://reyco.glvmarketing.ca/product/2026-cub-cadet-13b6a9tta10-2/,wc_product
2026-cub-cadet-13b6a9tta10,https://reyco.glvmarketing.ca/product/2026-cub-cadet-13b6a9tta10/,wc_product
2024-mercury-me-6mlh-2,https://reyco.glvmarketing.ca/product/2024-mercury-me-6mlh-2/,wc_product
2026-toro-75747-4,https://reyco.glvmarketing.ca/product/2026-toro-75747-4/,wc_product
2026-mercury-115-exlpt-pro-xs,https://reyco.glvmarketing.ca/product/2026-mercury-115-exlpt-pro-xs/,wc_product
2023-mercury-me-3-5mh-4s-tmc-2,https://reyco.glvmarketing.ca/product/2023-mercury-me-3-5mh-4s-tmc-2/,wc_product
2026-toro-77501,https://reyco.glvmarketing.ca/product/2026-toro-77501/,wc_product
2026-cub-cadet-13apa1tna10-2,https://reyco.glvmarketing.ca/product/2026-cub-cadet-13apa1tna10-2/,wc_product
2026-cub-cadet-13apa1tea10-5,https://reyco.glvmarketing.ca/product/2026-cub-cadet-13apa1tea10-5/,wc_product
2025-mercury-me-2-5mh-4s-tmc-9,https://reyco.glvmarketing.ca/product/2025-mercury-me-2-5mh-4s-tmc-9/,wc_product
2025-mercury-me-9-9mh-4s-4,https://reyco.glvmarketing.ca/product/2025-mercury-me-9-9mh-4s-4/,wc_product
2026-cub-cadet-13apa1tna10,https://reyco.glvmarketing.ca/product/2026-cub-cadet-13apa1tna10/,wc_product
2025-mercury-me-9-9mh-4s-3,https://reyco.glvmarketing.ca/product/2025-mercury-me-9-9mh-4s-3/,wc_product
2025-mercury-me-6mh-6,https://reyco.glvmarketing.ca/product/2025-mercury-me-6mh-6/,wc_product
2025-mercury-me-6mh-5,https://reyco.glvmarketing.ca/product/2025-mercury-me-6mh-5/,wc_product
2026-mercury-me-115xl-pxs4s-2,https://reyco.glvmarketing.ca/product/2026-mercury-me-115xl-pxs4s-2/,wc_product
2021-mercury-me-5-mh-lpg-4s,https://reyco.glvmarketing.ca/product/2021-mercury-me-5-mh-lpg-4s/,wc_product
2025-mercury-me-5mh-2,https://reyco.glvmarketing.ca/product/2025-mercury-me-5mh-2/,wc_product
2023-mercury-me-6mh,https://reyco.glvmarketing.ca/product/2023-mercury-me-6mh/,wc_product
2025-toro-77502,https://reyco.glvmarketing.ca/product/2025-toro-77502/,wc_product
2026-trailer-x,https://reyco.glvmarketing.ca/product/2026-trailer-x/,wc_product
2025-mercury-me-6mh-4,https://reyco.glvmarketing.ca/product/2025-mercury-me-6mh-4/,wc_product
2024-princecraft-resorter-160-bt,https://reyco.glvmarketing.ca/product/2024-princecraft-resorter-160-bt/,wc_product
2024-trailer-x,https://reyco.glvmarketing.ca/product/2024-trailer-x/,wc_product
2024-mercury-me-6mlh,https://reyco.glvmarketing.ca/product/2024-mercury-me-6mlh/,wc_product
2026-cub-cadet-13apa1tea10-4,https://reyco.glvmarketing.ca/product/2026-cub-cadet-13apa1tea10-4/,wc_product
2026-toro-77283,https://reyco.glvmarketing.ca/product/2026-toro-77283/,wc_product
2024-toro-74532,https://reyco.glvmarketing.ca/product/2024-toro-74532/,wc_product
2026-toro-72504,https://reyco.glvmarketing.ca/product/2026-toro-72504/,wc_product
2022-easy-hauler-al-ptdb2026-tri-3,https://reyco.glvmarketing.ca/product/2022-easy-hauler-al-ptdb2026-tri-3/,wc_product
2024-mercury-me-4mh-4s,https://reyco.glvmarketing.ca/product/2024-mercury-me-4mh-4s/,wc_product
2026-cub-cadet-13apa1tea10-3,https://reyco.glvmarketing.ca/product/2026-cub-cadet-13apa1tea10-3/,wc_product
2022-easy-hauler-al-ptdb2026-tri-2,https://reyco.glvmarketing.ca/product/2022-easy-hauler-al-ptdb2026-tri-2/,wc_product
2022-easy-hauler-al-ptdb2026-tri,https://reyco.glvmarketing.ca/product/2022-easy-hauler-al-ptdb2026-tri/,wc_product
2025-trailer-x,https://reyco.glvmarketing.ca/product/2025-trailer-x/,wc_product
2023-mercury-me-30-elhpt-efi-4s-2,https://reyco.glvmarketing.ca/product/2023-mercury-me-30-elhpt-efi-4s-2/,wc_product
2022-mercury-me-30-elpt-efi-4s,https://reyco.glvmarketing.ca/product/2022-mercury-me-30-elpt-efi-4s/,wc_product
2023-mercury-me-30-elhpt-efi-4s,https://reyco.glvmarketing.ca/product/2023-mercury-me-30-elhpt-efi-4s/,wc_product
2022-mercury-me-20-mlh-4s,https://reyco.glvmarketing.ca/product/2022-mercury-me-20-mlh-4s/,wc_product
2023-mercury-me-25-elpt-efi-4s,https://reyco.glvmarketing.ca/product/2023-mercury-me-25-elpt-efi-4s/,wc_product
2022-mercury-me-4mh-4s,https://reyco.glvmarketing.ca/product/2022-mercury-me-4mh-4s/,wc_product
2024-mercury-me-25-elhpt-efi-4s,https://reyco.glvmarketing.ca/product/2024-mercury-me-25-elhpt-efi-4s/,wc_product
2025-mercury-me-60-elhpt-ct-4s,https://reyco.glvmarketing.ca/product/2025-mercury-me-60-elhpt-ct-4s/,wc_product
2026-cub-cadet-13apa1tea10-2,https://reyco.glvmarketing.ca/product/2026-cub-cadet-13apa1tea10-2/,wc_product
2025-mercury-me-20-eh-4s,https://reyco.glvmarketing.ca/product/2025-mercury-me-20-eh-4s/,wc_product
2023-mercury-me-3-5mh-4s-tmc,https://reyco.glvmarketing.ca/product/2023-mercury-me-3-5mh-4s-tmc/,wc_product
2022-mercury-me-8mh-4s-tmc,https://reyco.glvmarketing.ca/product/2022-mercury-me-8mh-4s-tmc/,wc_product
2021-mercury-me-2-5mh-4s-tmc,https://reyco.glvmarketing.ca/product/2021-mercury-me-2-5mh-4s-tmc/,wc_product
2026-cub-cadet-13apa1tea10,https://reyco.glvmarketing.ca/product/2026-cub-cadet-13apa1tea10/,wc_product
2023-mercury-me-20-mlh-4s,https://reyco.glvmarketing.ca/product/2023-mercury-me-20-mlh-4s/,wc_product
2026-easy-hauler-al-ptdb2023,https://reyco.glvmarketing.ca/product/2026-easy-hauler-al-ptdb2023/,wc_product
2023-mercury-115-pro-xs,https://reyco.glvmarketing.ca/product/2023-mercury-115-pro-xs/,wc_product
2025-mercury-me-2-5mh-4s-tmc-8,https://reyco.glvmarketing.ca/product/2025-mercury-me-2-5mh-4s-tmc-8/,wc_product
2022-mercury-me-5-mxlha-lpg-4s-sailpower,https://reyco.glvmarketing.ca/product/2022-mercury-me-5-mxlha-lpg-4s-sailpower/,wc_product
2023-mercury-me-15-elphpt-pk-4s,https://reyco.glvmarketing.ca/product/2023-mercury-me-15-elphpt-pk-4s/,wc_product
2024-mercury-me-15-eh-4s,https://reyco.glvmarketing.ca/product/2024-mercury-me-15-eh-4s/,wc_product
26-mercury-me-90elpt-4s-2,https://reyco.glvmarketing.ca/product/26-mercury-me-90elpt-4s-2/,wc_product
2025-mercury-me-2-5mh-4s-tmc-7,https://reyco.glvmarketing.ca/product/2025-mercury-me-2-5mh-4s-tmc-7/,wc_product
2024-mercury-me-60-elpt-4s-efi,https://reyco.glvmarketing.ca/product/2024-mercury-me-60-elpt-4s-efi/,wc_product
2026-toro-75747-3,https://reyco.glvmarketing.ca/product/2026-toro-75747-3/,wc_product
2024-mercury-me-50-elpt-4s-efi-2,https://reyco.glvmarketing.ca/product/2024-mercury-me-50-elpt-4s-efi-2/,wc_product
2024-mercury-me-50-elpt-4s-efi,https://reyco.glvmarketing.ca/product/2024-mercury-me-50-elpt-4s-efi/,wc_product
2026-cub-cadet-13a6a9ts596-4,https://reyco.glvmarketing.ca/product/2026-cub-cadet-13a6a9ts596-4/,wc_product
26-mercury-me-90elpt-4s,https://reyco.glvmarketing.ca/product/26-mercury-me-90elpt-4s/,wc_product
2023-princecraft-sportfisher-21-2rs,https://reyco.glvmarketing.ca/product/2023-princecraft-sportfisher-21-2rs/,wc_product
2023-mercury-90-exlpt-ct,https://reyco.glvmarketing.ca/product/2023-mercury-90-exlpt-ct/,wc_product
2023-mercury-me-9-9elh-4s-tmc,https://reyco.glvmarketing.ca/product/2023-mercury-me-9-9elh-4s-tmc/,wc_product
2026-mercury-me-115xl-pxs4s,https://reyco.glvmarketing.ca/product/2026-mercury-me-115xl-pxs4s/,wc_product
2025-mercury-me-9-9mh-4s-2,https://reyco.glvmarketing.ca/product/2025-mercury-me-9-9mh-4s-2/,wc_product
2026-toro-75747-2,https://reyco.glvmarketing.ca/product/2026-toro-75747-2/,wc_product
2025-mercury-me-9-9mh-4s,https://reyco.glvmarketing.ca/product/2025-mercury-me-9-9mh-4s/,wc_product
2025-mercury-me-6mh-3,https://reyco.glvmarketing.ca/product/2025-mercury-me-6mh-3/,wc_product
2025-mercury-me-6mh-2,https://reyco.glvmarketing.ca/product/2025-mercury-me-6mh-2/,wc_product
2023-princecraft-sportfisher-23-2rs,https://reyco.glvmarketing.ca/product/2023-princecraft-sportfisher-23-2rs/,wc_product
2026-cub-cadet-13a6a9ts596-2,https://reyco.glvmarketing.ca/product/2026-cub-cadet-13a6a9ts596-2/,wc_product
2025-mercury-me-2-5mh-4s-tmc-6,https://reyco.glvmarketing.ca/product/2025-mercury-me-2-5mh-4s-tmc-6/,wc_product
2025-mercury-me-5mh,https://reyco.glvmarketing.ca/product/2025-mercury-me-5mh/,wc_product
2025-mercury-me-2-5mh-4s-tmc-5,https://reyco.glvmarketing.ca/product/2025-mercury-me-2-5mh-4s-tmc-5/,wc_product
2026-toro-75747,https://reyco.glvmarketing.ca/product/2026-toro-75747/,wc_product
2025-mercury-me-2-5mh-4s-tmc-4,https://reyco.glvmarketing.ca/product/2025-mercury-me-2-5mh-4s-tmc-4/,wc_product
2025-mercury-me-2-5mh-4s-tmc-3,https://reyco.glvmarketing.ca/product/2025-mercury-me-2-5mh-4s-tmc-3/,wc_product
2025-mercury-me-6mh,https://reyco.glvmarketing.ca/product/2025-mercury-me-6mh/,wc_product
2025-mercury-me-2-5mh-4s-tmc-2,https://reyco.glvmarketing.ca/product/2025-mercury-me-2-5mh-4s-tmc-2/,wc_product
2025-mercury-me-2-5mh-4s-tmc,https://reyco.glvmarketing.ca/product/2025-mercury-me-2-5mh-4s-tmc/,wc_product
echo-dsrm-2600u-cordless-u-handle-brushcutter,https://reyco.glvmarketing.ca/product/echo-dsrm-2600u-cordless-u-handle-brushcutter/,wc_product
echo-dsrm-2600-cordless-string-trimmer,https://reyco.glvmarketing.ca/product/echo-dsrm-2600-cordless-string-trimmer/,wc_product
echo-dsrm-2100-cordless-string-trimmer,https://reyco.glvmarketing.ca/product/echo-dsrm-2100-cordless-string-trimmer/,wc_product
echo-dpb-2500le-limited-edition-pink-blower,https://reyco.glvmarketing.ca/product/echo-dpb-2500le-limited-edition-pink-blower/,wc_product
echo-dpb-2500-cordless-handheld-blower,https://reyco.glvmarketing.ca/product/echo-dpb-2500-cordless-handheld-blower/,wc_product
echo-dpas-2600-cordless-pas-pro-powerhead,https://reyco.glvmarketing.ca/product/echo-dpas-2600-cordless-pas-pro-powerhead/,wc_product
echo-dpas-2100-cordless-pas-powerhead,https://reyco.glvmarketing.ca/product/echo-dpas-2100-cordless-pas-powerhead/,wc_product
echo-dlm-2100sp-cordless-self-propelled-mower,https://reyco.glvmarketing.ca/product/echo-dlm-2100sp-cordless-self-propelled-mower/,wc_product
echo-dlm-2100-cordless-push-mower,https://reyco.glvmarketing.ca/product/echo-dlm-2100-cordless-push-mower/,wc_product
echo-dhc-2300-cordless-hedge-trimmer,https://reyco.glvmarketing.ca/product/echo-dhc-2300-cordless-hedge-trimmer/,wc_product
echo-dcs-2500t-cordless-top-handle-chainsaw,https://reyco.glvmarketing.ca/product/echo-dcs-2500t-cordless-top-handle-chainsaw/,wc_product
echo-pas-2620-pro-powerhead,https://reyco.glvmarketing.ca/product/echo-pas-2620-pro-powerhead/,wc_product
echo-pas-225-homeowner-powerhead,https://reyco.glvmarketing.ca/product/echo-pas-225-homeowner-powerhead/,wc_product
echo-pe-2620-walk-behind-edger,https://reyco.glvmarketing.ca/product/echo-pe-2620-walk-behind-edger/,wc_product
echo-cwt-7410-walk-behind-cut-off-saw,https://reyco.glvmarketing.ca/product/echo-cwt-7410-walk-behind-cut-off-saw/,wc_product
echo-csg-7410-handheld-cut-off-saw,https://reyco.glvmarketing.ca/product/echo-csg-7410-handheld-cut-off-saw/,wc_product
echo-pw-4200-flagship-pro-pressure-washer,https://reyco.glvmarketing.ca/product/echo-pw-4200-flagship-pro-pressure-washer/,wc_product
echo-pw-3600-pro-gas-pressure-washer,https://reyco.glvmarketing.ca/product/echo-pw-3600-pro-gas-pressure-washer/,wc_product
echo-pw-3200-gas-pressure-washer,https://reyco.glvmarketing.ca/product/echo-pw-3200-gas-pressure-washer/,wc_product
echo-pw-3100-gas-pressure-washer,https://reyco.glvmarketing.ca/product/echo-pw-3100-gas-pressure-washer/,wc_product
echo-pwe-1800-electric-pressure-washer,https://reyco.glvmarketing.ca/product/echo-pwe-1800-electric-pressure-washer/,wc_product
echo-shc-2620s-pro-shafted-s,https://reyco.glvmarketing.ca/product/echo-shc-2620s-pro-shafted-s/,wc_product
echo-shc-2620-pro-shafted-hedge-trimmer,https://reyco.glvmarketing.ca/product/echo-shc-2620-pro-shafted-hedge-trimmer/,wc_product
echo-shc-225s-shafted-hedge-trimmer-s,https://reyco.glvmarketing.ca/product/echo-shc-225s-shafted-hedge-trimmer-s/,wc_product
echo-shc-225-shafted-hedge-trimmer,https://reyco.glvmarketing.ca/product/echo-shc-225-shafted-hedge-trimmer/,wc_product
echo-hca-2620s-articulating-extended-reach-s,https://reyco.glvmarketing.ca/product/echo-hca-2620s-articulating-extended-reach-s/,wc_product
echo-hca-2620-articulating-extended-reach,https://reyco.glvmarketing.ca/product/echo-hca-2620-articulating-extended-reach/,wc_product
echo-hc-2810-heavy-double-sided-hedge-trimmer,https://reyco.glvmarketing.ca/product/echo-hc-2810-heavy-double-sided-hedge-trimmer/,wc_product
echo-hc-2210-double-sided-hedge-trimmer,https://reyco.glvmarketing.ca/product/echo-hc-2210-double-sided-hedge-trimmer/,wc_product
echo-hc-155-single-sided-hedge-trimmer,https://reyco.glvmarketing.ca/product/echo-hc-155-single-sided-hedge-trimmer/,wc_product
echo-srm-2620u-u-handle-brushcutter,https://reyco.glvmarketing.ca/product/echo-srm-2620u-u-handle-brushcutter/,wc_product
echo-srm-410-pro-trimmer,https://reyco.glvmarketing.ca/product/echo-srm-410-pro-trimmer/,wc_product
echo-srm-3020-heavy-duty-trimmer,https://reyco.glvmarketing.ca/product/echo-srm-3020-heavy-duty-trimmer/,wc_product
echo-srm-266-pro-grade-trimmer,https://reyco.glvmarketing.ca/product/echo-srm-266-pro-grade-trimmer/,wc_product
echo-srm-2620-trimmer,https://reyco.glvmarketing.ca/product/echo-srm-2620-trimmer/,wc_product
echo-srm-2320-straight-shaft-trimmer,https://reyco.glvmarketing.ca/product/echo-srm-2320-straight-shaft-trimmer/,wc_product
echo-gt-225-curved-shaft-trimmer,https://reyco.glvmarketing.ca/product/echo-gt-225-curved-shaft-trimmer/,wc_product
echo-pb-8010-x-series-backpack-blower,https://reyco.glvmarketing.ca/product/echo-pb-8010-x-series-backpack-blower/,wc_product
echo-pb-770-pro-backpack-blower,https://reyco.glvmarketing.ca/product/echo-pb-770-pro-backpack-blower/,wc_product
echo-pb-760lnt-low-noise-backpack-tube,https://reyco.glvmarketing.ca/product/echo-pb-760lnt-low-noise-backpack-tube/,wc_product
echo-pb-265ln-low-noise-handheld,https://reyco.glvmarketing.ca/product/echo-pb-265ln-low-noise-handheld/,wc_product
echo-pb-2620-handheld-blower,https://reyco.glvmarketing.ca/product/echo-pb-2620-handheld-blower/,wc_product
echo-pb-255ln-low-noise-handheld,https://reyco.glvmarketing.ca/product/echo-pb-255ln-low-noise-handheld/,wc_product
echo-pb-2520-handheld-blower,https://reyco.glvmarketing.ca/product/echo-pb-2520-handheld-blower/,wc_product
echo-es-250-handheld-shred-vac,https://reyco.glvmarketing.ca/product/echo-es-250-handheld-shred-vac/,wc_product
echo-cs-7310p-heavy-production-chainsaw,https://reyco.glvmarketing.ca/product/echo-cs-7310p-heavy-production-chainsaw/,wc_product
echo-cs-620p-pro-chainsaw,https://reyco.glvmarketing.ca/product/echo-cs-620p-pro-chainsaw/,wc_product
echo-cs-501p-pro-chainsaw,https://reyco.glvmarketing.ca/product/echo-cs-501p-pro-chainsaw/,wc_product
echo-cs-4910-pro-chainsaw,https://reyco.glvmarketing.ca/product/echo-cs-4910-pro-chainsaw/,wc_product
echo-cs-490-mid-pro-chainsaw,https://reyco.glvmarketing.ca/product/echo-cs-490-mid-pro-chainsaw/,wc_product
echo-cs-4510-mid-homeowner-chainsaw,https://reyco.glvmarketing.ca/product/echo-cs-4510-mid-homeowner-chainsaw/,wc_product
echo-cs-370f-farm-ranch-chainsaw,https://reyco.glvmarketing.ca/product/echo-cs-370f-farm-ranch-chainsaw/,wc_product
echo-cs-361p-mid-pro-chainsaw,https://reyco.glvmarketing.ca/product/echo-cs-361p-mid-pro-chainsaw/,wc_product
echo-cs-355t-top-handle-chainsaw,https://reyco.glvmarketing.ca/product/echo-cs-355t-top-handle-chainsaw/,wc_product
echo-cs-3510-homeowner-chainsaw,https://reyco.glvmarketing.ca/product/echo-cs-3510-homeowner-chainsaw/,wc_product
echo-cs-271t-top-handle-chainsaw,https://reyco.glvmarketing.ca/product/echo-cs-271t-top-handle-chainsaw/,wc_product
echo-cs-2511t-top-handle-chainsaw,https://reyco.glvmarketing.ca/product/echo-cs-2511t-top-handle-chainsaw/,wc_product
echo-cs-2511p-compact-pro-chainsaw,https://reyco.glvmarketing.ca/product/echo-cs-2511p-compact-pro-chainsaw/,wc_product
wave-armor-otter-swim-raft-8x10,https://reyco.glvmarketing.ca/product/wave-armor-otter-swim-raft-8x10/,wc_product
rj-marine-railway-system,https://reyco.glvmarketing.ca/product/rj-marine-railway-system/,wc_product
wave-armour-pwc-wave-port,https://reyco.glvmarketing.ca/product/wave-armour-pwc-wave-port/,wc_product
rj-hydraulic-pwc-lift,https://reyco.glvmarketing.ca/product/rj-hydraulic-pwc-lift/,wc_product
rj-boat-lift-roof-system,https://reyco.glvmarketing.ca/product/rj-boat-lift-roof-system/,wc_product
rj-hidden-beam-wet-slip-lift,https://reyco.glvmarketing.ca/product/rj-hidden-beam-wet-slip-lift/,wc_product
rj-hydro-extreme-boat-lift,https://reyco.glvmarketing.ca/product/rj-hydro-extreme-boat-lift/,wc_product
rj-vertical-pontoon-boat-lift,https://reyco.glvmarketing.ca/product/rj-vertical-pontoon-boat-lift/,wc_product
rj-hydraulic-boat-lift,https://reyco.glvmarketing.ca/product/rj-hydraulic-boat-lift/,wc_product
rj-cantilever-boat-lift,https://reyco.glvmarketing.ca/product/rj-cantilever-boat-lift/,wc_product
rj-lift-up-step-dock,https://reyco.glvmarketing.ca/product/rj-lift-up-step-dock/,wc_product
rj-wavex-modular-dock-system,https://reyco.glvmarketing.ca/product/rj-wavex-modular-dock-system/,wc_product
rj-lux-floating-dock-system,https://reyco.glvmarketing.ca/product/rj-lux-floating-dock-system/,wc_product
rj-floating-truss-dock,https://reyco.glvmarketing.ca/product/rj-floating-truss-dock/,wc_product
rj-truss-pipe-dock-aluminum,https://reyco.glvmarketing.ca/product/rj-truss-pipe-dock-aluminum/,wc_product
humminbird-ice-xplore-shuttle-conversion-kit,https://reyco.glvmarketing.ca/product/humminbird-ice-xplore-shuttle-conversion-kit/,wc_product
humminbird-ice-xplore-power-cable,https://reyco.glvmarketing.ca/product/humminbird-ice-xplore-power-cable/,wc_product
humminbird-ice-mega-live-2-sae-power-cable,https://reyco.glvmarketing.ca/product/humminbird-ice-mega-live-2-sae-power-cable/,wc_product
humminbird-ice-mega-live-2-power-cable,https://reyco.glvmarketing.ca/product/humminbird-ice-mega-live-2-power-cable/,wc_product
humminbird-ice-mega-live-2-compact-pole-mount,https://reyco.glvmarketing.ca/product/humminbird-ice-mega-live-2-compact-pole-mount/,wc_product
humminbird-mega-live-2-transom-mount-sonar,https://reyco.glvmarketing.ca/product/humminbird-mega-live-2-transom-mount-sonar/,wc_product
humminbird-mega-live-2-forward-facing-sonar,https://reyco.glvmarketing.ca/product/humminbird-mega-live-2-forward-facing-sonar/,wc_product
humminbird-apex-19-mega-si-chartplotter-cho,https://reyco.glvmarketing.ca/product/humminbird-apex-19-mega-si-chartplotter-cho/,wc_product
humminbird-apex-19-mega-si-chartplotter,https://reyco.glvmarketing.ca/product/humminbird-apex-19-mega-si-chartplotter/,wc_product
humminbird-apex-16-mega-si-chartplotter-cho,https://reyco.glvmarketing.ca/product/humminbird-apex-16-mega-si-chartplotter-cho/,wc_product
humminbird-apex-16-mega-si-chartplotter,https://reyco.glvmarketing.ca/product/humminbird-apex-16-mega-si-chartplotter/,wc_product
humminbird-apex-13-mega-si-chartplotter-cho,https://reyco.glvmarketing.ca/product/humminbird-apex-13-mega-si-chartplotter-cho/,wc_product
humminbird-apex-13-mega-si-chartplotter,https://reyco.glvmarketing.ca/product/humminbird-apex-13-mega-si-chartplotter/,wc_product
cannon-uni-stacker-release,https://reyco.glvmarketing.ca/product/cannon-uni-stacker-release/,wc_product
cannon-downrigger-weight-10-lb-cannon-ball,https://reyco.glvmarketing.ca/product/cannon-downrigger-weight-10-lb-cannon-ball/,wc_product
cannon-downrigger-weight-8-lb-cannon-ball,https://reyco.glvmarketing.ca/product/cannon-downrigger-weight-8-lb-cannon-ball/,wc_product
cannon-downrigger-weight-6-lb-cannon-ball,https://reyco.glvmarketing.ca/product/cannon-downrigger-weight-6-lb-cannon-ball/,wc_product
cannon-downrigger-weight-4-lb-cannon-ball,https://reyco.glvmarketing.ca/product/cannon-downrigger-weight-4-lb-cannon-ball/,wc_product
cannon-mini-troll,https://reyco.glvmarketing.ca/product/cannon-mini-troll/,wc_product
cannon-lake-troll,https://reyco.glvmarketing.ca/product/cannon-lake-troll/,wc_product
cannon-easi-troll,https://reyco.glvmarketing.ca/product/cannon-easi-troll/,wc_product
cannon-uni-troll-5,https://reyco.glvmarketing.ca/product/cannon-uni-troll-5/,wc_product
cannon-uni-troll-10,https://reyco.glvmarketing.ca/product/cannon-uni-troll-10/,wc_product
cannon-uni-troll-10-ts,https://reyco.glvmarketing.ca/product/cannon-uni-troll-10-ts/,wc_product
cannon-magnum-5,https://reyco.glvmarketing.ca/product/cannon-magnum-5/,wc_product
cannon-magnum-10,https://reyco.glvmarketing.ca/product/cannon-magnum-10/,wc_product
cannon-magnum-10-ts,https://reyco.glvmarketing.ca/product/cannon-magnum-10-ts/,wc_product
cannon-optimum-downrigger,https://reyco.glvmarketing.ca/product/cannon-optimum-downrigger/,wc_product
cannon-optimum-ts-downrigger,https://reyco.glvmarketing.ca/product/cannon-optimum-ts-downrigger/,wc_product
minn-kota-battery-charger-extension-cable-mk-ec-15-bulk,https://reyco.glvmarketing.ca/product/minn-kota-battery-charger-extension-cable-mk-ec-15-bulk/,wc_product
minn-kota-remote-power-switch-mkr-30,https://reyco.glvmarketing.ca/product/minn-kota-remote-power-switch-mkr-30/,wc_product
minn-kota-precision-charger-mk-460-pcl-4-bank-x-15-amp,https://reyco.glvmarketing.ca/product/minn-kota-precision-charger-mk-460-pcl-4-bank-x-15-amp/,wc_product
minn-kota-precision-charger-mk-345-pcl-3-bank-x-15-amp,https://reyco.glvmarketing.ca/product/minn-kota-precision-charger-mk-345-pcl-3-bank-x-15-amp/,wc_product
minn-kota-precision-charger-mk-330-pc-3-bank-x-10-amp,https://reyco.glvmarketing.ca/product/minn-kota-precision-charger-mk-330-pc-3-bank-x-10-amp/,wc_product
minn-kota-precision-charger-mk-230-pcl-2-bank-x-15-amp,https://reyco.glvmarketing.ca/product/minn-kota-precision-charger-mk-230-pcl-2-bank-x-15-amp/,wc_product
minn-kota-riptide-kayak-terrova-55-lb-saltwater,https://reyco.glvmarketing.ca/product/minn-kota-riptide-kayak-terrova-55-lb-saltwater/,wc_product
minn-kota-kayak-terrova-55-lb-freshwater,https://reyco.glvmarketing.ca/product/minn-kota-kayak-terrova-55-lb-freshwater/,wc_product
minn-kota-riptide-terrova-80-lb-refurb-60,https://reyco.glvmarketing.ca/product/minn-kota-riptide-terrova-80-lb-refurb-60/,wc_product
minn-kota-riptide-terrova-112-lb-87-shaft,https://reyco.glvmarketing.ca/product/minn-kota-riptide-terrova-112-lb-87-shaft/,wc_product
minn-kota-riptide-terrova-quest-90-115-100,https://reyco.glvmarketing.ca/product/minn-kota-riptide-terrova-quest-90-115-100/,wc_product
minn-kota-riptide-terrova-quest-90-115-87,https://reyco.glvmarketing.ca/product/minn-kota-riptide-terrova-quest-90-115-87/,wc_product
minn-kota-riptide-terrova-quest-90-115-72,https://reyco.glvmarketing.ca/product/minn-kota-riptide-terrova-quest-90-115-72/,wc_product
minn-kota-ultrex-quest-90-115-lb-dual-spectrum-chirp,https://reyco.glvmarketing.ca/product/minn-kota-ultrex-quest-90-115-lb-dual-spectrum-chirp/,wc_product
minn-kota-ultrex-80-lb-52-shaft,https://reyco.glvmarketing.ca/product/minn-kota-ultrex-80-lb-52-shaft/,wc_product
minn-kota-ultrex-80-lb-45-shaft,https://reyco.glvmarketing.ca/product/minn-kota-ultrex-80-lb-45-shaft/,wc_product
cub-cadet-challenger-750-mx-hisun-built-utv,https://reyco.glvmarketing.ca/product/cub-cadet-challenger-750-mx-hisun-built-utv/,wc_product
hisun-mp9t400-entry-sport-utv,https://reyco.glvmarketing.ca/product/hisun-mp9t400-entry-sport-utv/,wc_product
hisun-mp9-750r-sport-utv,https://reyco.glvmarketing.ca/product/hisun-mp9-750r-sport-utv/,wc_product
hisun-stryker-750-crew-4-seat-sport,https://reyco.glvmarketing.ca/product/hisun-stryker-750-crew-4-seat-sport/,wc_product
hisun-stryker-550x-sport-trail-utv,https://reyco.glvmarketing.ca/product/hisun-stryker-550x-sport-trail-utv/,wc_product
hisun-sector-750-eps,https://reyco.glvmarketing.ca/product/hisun-sector-750-eps/,wc_product
hisun-sector-250-compact-utility-utv,https://reyco.glvmarketing.ca/product/hisun-sector-250-compact-utility-utv/,wc_product
hisun-hs-400-entry-atv,https://reyco.glvmarketing.ca/product/hisun-hs-400-entry-atv/,wc_product
hisun-tactic-utility-atv,https://reyco.glvmarketing.ca/product/hisun-tactic-utility-atv/,wc_product
hisun-guardian-utility-atv,https://reyco.glvmarketing.ca/product/hisun-guardian-utility-atv/,wc_product
echo-dcs-5000-56v-cordless-chainsaw,https://reyco.glvmarketing.ca/product/echo-dcs-5000-56v-cordless-chainsaw/,wc_product
echo-hc-2020-hedge-trimmer,https://reyco.glvmarketing.ca/product/echo-hc-2020-hedge-trimmer/,wc_product
echo-srm-225-string-trimmer,https://reyco.glvmarketing.ca/product/echo-srm-225-string-trimmer/,wc_product
echo-pb-755st-backpack-blower,https://reyco.glvmarketing.ca/product/echo-pb-755st-backpack-blower/,wc_product
echo-pb-9010t-x-series-backpack-blower,https://reyco.glvmarketing.ca/product/echo-pb-9010t-x-series-backpack-blower/,wc_product
echo-pb-580t-backpack-blower,https://reyco.glvmarketing.ca/product/echo-pb-580t-backpack-blower/,wc_product
echo-cs-680-chainsaw,https://reyco.glvmarketing.ca/product/echo-cs-680-chainsaw/,wc_product
echo-cs-352-chainsaw,https://reyco.glvmarketing.ca/product/echo-cs-352-chainsaw/,wc_product
echo-cs-310-chainsaw,https://reyco.glvmarketing.ca/product/echo-cs-310-chainsaw/,wc_product
echo-cs-590-timber-wolf-chainsaw,https://reyco.glvmarketing.ca/product/echo-cs-590-timber-wolf-chainsaw/,wc_product
hisun-ace-nv-electric-golf-cart,https://reyco.glvmarketing.ca/product/hisun-ace-nv-electric-golf-cart/,wc_product
hisun-sector-e1-electric-utv,https://reyco.glvmarketing.ca/product/hisun-sector-e1-electric-utv/,wc_product
hisun-forge-400i-sport-utility-atv,https://reyco.glvmarketing.ca/product/hisun-forge-400i-sport-utility-atv/,wc_product
hisun-hs-500-utility-atv,https://reyco.glvmarketing.ca/product/hisun-hs-500-utility-atv/,wc_product
hisun-mp9-550r-sport-trail-utv,https://reyco.glvmarketing.ca/product/hisun-mp9-550r-sport-trail-utv/,wc_product
hisun-stryker-750x-sport-trail-utv,https://reyco.glvmarketing.ca/product/hisun-stryker-750x-sport-trail-utv/,wc_product
hisun-sector-750-crew-4-seat-utility-utv,https://reyco.glvmarketing.ca/product/hisun-sector-750-crew-4-seat-utility-utv/,wc_product
hisun-sector-550-eps-utility-utv,https://reyco.glvmarketing.ca/product/hisun-sector-550-eps-utility-utv/,wc_product
hisun-strike-550r-adult-sport-utv,https://reyco.glvmarketing.ca/product/hisun-strike-550r-adult-sport-utv/,wc_product
hisun-strike-250r-youth-sport-utv,https://reyco.glvmarketing.ca/product/hisun-strike-250r-youth-sport-utv/,wc_product
minnkota-terrova-80-3,https://reyco.glvmarketing.ca/product/minnkota-terrova-80-3/,wc_product
accessories,https://reyco.glvmarketing.ca/reyco-category/accessories/,wc_category
ace-nv,https://reyco.glvmarketing.ca/reyco-category/ace-nv/,wc_category
apex-13,https://reyco.glvmarketing.ca/reyco-category/apex-13/,wc_category
apex-16,https://reyco.glvmarketing.ca/reyco-category/apex-16/,wc_category
apex-19,https://reyco.glvmarketing.ca/reyco-category/apex-19/,wc_category
apex-series,https://reyco.glvmarketing.ca/reyco-category/apex-series/,wc_category
articulating-hedge-trimmers,https://reyco.glvmarketing.ca/reyco-category/articulating-hedge-trimmers/,wc_category
atvs,https://reyco.glvmarketing.ca/reyco-category/atvs/,wc_category
b,https://reyco.glvmarketing.ca/reyco-category/b/,wc_category
blowers,https://reyco.glvmarketing.ca/reyco-category/blowers/,wc_category
blowers-vacuums,https://reyco.glvmarketing.ca/reyco-category/blowers-vacuums/,wc_category
boat,https://reyco.glvmarketing.ca/reyco-category/boat/,wc_category
boat-lifts,https://reyco.glvmarketing.ca/reyco-category/boat-lifts/,wc_category
brushcutters,https://reyco.glvmarketing.ca/reyco-category/brushcutters/,wc_category
cantilever-lifts,https://reyco.glvmarketing.ca/reyco-category/cantilever-lifts/,wc_category
chainsaws,https://reyco.glvmarketing.ca/reyco-category/chainsaws/,wc_category
compact-pro-chainsaws,https://reyco.glvmarketing.ca/reyco-category/compact-pro-chainsaws/,wc_category
cordless-blowers,https://reyco.glvmarketing.ca/reyco-category/cordless-blowers/,wc_category
cordless-chainsaws,https://reyco.glvmarketing.ca/reyco-category/cordless-chainsaws/,wc_category
cordless-trimmers,https://reyco.glvmarketing.ca/reyco-category/cordless-trimmers/,wc_category
crew-utvs,https://reyco.glvmarketing.ca/reyco-category/crew-utvs/,wc_category
cs-2511p,https://reyco.glvmarketing.ca/reyco-category/cs-2511p/,wc_category
cs-2511t,https://reyco.glvmarketing.ca/reyco-category/cs-2511t/,wc_category
cs-271t,https://reyco.glvmarketing.ca/reyco-category/cs-271t/,wc_category
cs-310,https://reyco.glvmarketing.ca/reyco-category/cs-310/,wc_category
cs-3510,https://reyco.glvmarketing.ca/reyco-category/cs-3510/,wc_category
cs-352,https://reyco.glvmarketing.ca/reyco-category/cs-352/,wc_category
cs-355t,https://reyco.glvmarketing.ca/reyco-category/cs-355t/,wc_category
cs-361p,https://reyco.glvmarketing.ca/reyco-category/cs-361p/,wc_category
cs-370f,https://reyco.glvmarketing.ca/reyco-category/cs-370f/,wc_category
cs-4510,https://reyco.glvmarketing.ca/reyco-category/cs-4510/,wc_category
cs-490,https://reyco.glvmarketing.ca/reyco-category/cs-490/,wc_category
cs-4910,https://reyco.glvmarketing.ca/reyco-category/cs-4910/,wc_category
cs-501p,https://reyco.glvmarketing.ca/reyco-category/cs-501p/,wc_category
cs-590,https://reyco.glvmarketing.ca/reyco-category/cs-590/,wc_category
cs-620p,https://reyco.glvmarketing.ca/reyco-category/cs-620p/,wc_category
cs-680,https://reyco.glvmarketing.ca/reyco-category/cs-680/,wc_category
cs-7310p,https://reyco.glvmarketing.ca/reyco-category/cs-7310p/,wc_category
cub-cadet-challenger-750-mx,https://reyco.glvmarketing.ca/reyco-category/cub-cadet-challenger-750-mx/,wc_category
cub-cadet-utv,https://reyco.glvmarketing.ca/reyco-category/cub-cadet-utv/,wc_category
curved-shaft-trimmers,https://reyco.glvmarketing.ca/reyco-category/curved-shaft-trimmers/,wc_category
cut-off-saws,https://reyco.glvmarketing.ca/reyco-category/cut-off-saws/,wc_category
dcs-2500t,https://reyco.glvmarketing.ca/reyco-category/dcs-2500t/,wc_category
dcs-5000,https://reyco.glvmarketing.ca/reyco-category/dcs-5000/,wc_category
deck-boats,https://reyco.glvmarketing.ca/reyco-category/deck-boats/,wc_category
dhc-2300,https://reyco.glvmarketing.ca/reyco-category/dhc-2300/,wc_category
dlm-2100,https://reyco.glvmarketing.ca/reyco-category/dlm-2100/,wc_category
docks,https://reyco.glvmarketing.ca/reyco-category/docks/,wc_category
downrigger-accessories,https://reyco.glvmarketing.ca/reyco-category/downrigger-accessories/,wc_category
downrigger-weights,https://reyco.glvmarketing.ca/reyco-category/downrigger-weights/,wc_category
downriggers,https://reyco.glvmarketing.ca/reyco-category/downriggers/,wc_category
dpas-powerheads,https://reyco.glvmarketing.ca/reyco-category/dpas-powerheads/,wc_category
dpb-2500,https://reyco.glvmarketing.ca/reyco-category/dpb-2500/,wc_category
dsrm-2100,https://reyco.glvmarketing.ca/reyco-category/dsrm-2100/,wc_category
dsrm-2600,https://reyco.glvmarketing.ca/reyco-category/dsrm-2600/,wc_category
easi-troll,https://reyco.glvmarketing.ca/reyco-category/easi-troll/,wc_category
edgers,https://reyco.glvmarketing.ca/reyco-category/edgers/,wc_category
electric-downriggers,https://reyco.glvmarketing.ca/reyco-category/electric-downriggers/,wc_category
electric-pressure-washers,https://reyco.glvmarketing.ca/reyco-category/electric-pressure-washers/,wc_category
electric-utvs,https://reyco.glvmarketing.ca/reyco-category/electric-utvs/,wc_category
extended-reach-hedge-trimmers,https://reyco.glvmarketing.ca/reyco-category/extended-reach-hedge-trimmers/,wc_category
fish-finders,https://reyco.glvmarketing.ca/reyco-category/fish-finders/,wc_category
fishing-boats,https://reyco.glvmarketing.ca/reyco-category/fishing-boats/,wc_category
floating-docks,https://reyco.glvmarketing.ca/reyco-category/floating-docks/,wc_category
floating-truss-docks,https://reyco.glvmarketing.ca/reyco-category/floating-truss-docks/,wc_category
forge-400i,https://reyco.glvmarketing.ca/reyco-category/forge-400i/,wc_category
gas-pressure-washers,https://reyco.glvmarketing.ca/reyco-category/gas-pressure-washers/,wc_category
golf-carts,https://reyco.glvmarketing.ca/reyco-category/golf-carts/,wc_category
guardian,https://reyco.glvmarketing.ca/reyco-category/guardian/,wc_category
handheld-blowers,https://reyco.glvmarketing.ca/reyco-category/handheld-blowers/,wc_category
heavy-pro-chainsaws,https://reyco.glvmarketing.ca/reyco-category/heavy-pro-chainsaws/,wc_category
heavy-duty-trimmers,https://reyco.glvmarketing.ca/reyco-category/heavy-duty-trimmers/,wc_category
hedge-trimmers,https://reyco.glvmarketing.ca/reyco-category/hedge-trimmers/,wc_category
helix-series,https://reyco.glvmarketing.ca/reyco-category/helix-series/,wc_category
hidden-beam,https://reyco.glvmarketing.ca/reyco-category/hidden-beam/,wc_category
homeowner-chainsaws,https://reyco.glvmarketing.ca/reyco-category/homeowner-chainsaws/,wc_category
hs-400,https://reyco.glvmarketing.ca/reyco-category/hs-400/,wc_category
hs-500,https://reyco.glvmarketing.ca/reyco-category/hs-500/,wc_category
hs-series,https://reyco.glvmarketing.ca/reyco-category/hs-series/,wc_category
hydraulic-lifts,https://reyco.glvmarketing.ca/reyco-category/hydraulic-lifts/,wc_category
hydraulic-pwc-lifts,https://reyco.glvmarketing.ca/reyco-category/hydraulic-pwc-lifts/,wc_category
hydro-extreme,https://reyco.glvmarketing.ca/reyco-category/hydro-extreme/,wc_category
ice-electronics,https://reyco.glvmarketing.ca/reyco-category/ice-electronics/,wc_category
ice-fishing-electronics,https://reyco.glvmarketing.ca/reyco-category/ice-fishing-electronics/,wc_category
ice-xplore,https://reyco.glvmarketing.ca/reyco-category/ice-xplore/,wc_category
kayak-motors,https://reyco.glvmarketing.ca/reyco-category/kayak-motors/,wc_category
kayak-terrova,https://reyco.glvmarketing.ca/reyco-category/kayak-terrova/,wc_category
lake-troll,https://reyco.glvmarketing.ca/reyco-category/lake-troll/,wc_category
lift-roof-systems,https://reyco.glvmarketing.ca/reyco-category/lift-roof-systems/,wc_category
lift-up-docks,https://reyco.glvmarketing.ca/reyco-category/lift-up-docks/,wc_category
limited-edition,https://reyco.glvmarketing.ca/reyco-category/limited-edition/,wc_category
live-sonar,https://reyco.glvmarketing.ca/reyco-category/live-sonar/,wc_category
low-noise-blowers,https://reyco.glvmarketing.ca/reyco-category/low-noise-blowers/,wc_category
lux-floating,https://reyco.glvmarketing.ca/reyco-category/lux-floating/,wc_category
magnum,https://reyco.glvmarketing.ca/reyco-category/magnum/,wc_category
manual-downriggers,https://reyco.glvmarketing.ca/reyco-category/manual-downriggers/,wc_category
marine-electronics,https://reyco.glvmarketing.ca/reyco-category/marine-electronics/,wc_category
marine-electronics-accessories,https://reyco.glvmarketing.ca/reyco-category/marine-electronics-accessories/,wc_category
marine-railway-systems,https://reyco.glvmarketing.ca/reyco-category/marine-railway-systems/,wc_category
mega-live-2,https://reyco.glvmarketing.ca/reyco-category/mega-live-2/,wc_category
mid-backpack-blowers,https://reyco.glvmarketing.ca/reyco-category/mid-backpack-blowers/,wc_category
mini-troll,https://reyco.glvmarketing.ca/reyco-category/mini-troll/,wc_category
mk-230-pcl,https://reyco.glvmarketing.ca/reyco-category/mk-230-pcl/,wc_category
mk-330-pc,https://reyco.glvmarketing.ca/reyco-category/mk-330-pc/,wc_category
mk-345-pcl,https://reyco.glvmarketing.ca/reyco-category/mk-345-pcl/,wc_category
mk-460-pcl,https://reyco.glvmarketing.ca/reyco-category/mk-460-pcl/,wc_category
modular-docks,https://reyco.glvmarketing.ca/reyco-category/modular-docks/,wc_category
mp9-550r,https://reyco.glvmarketing.ca/reyco-category/mp9-550r/,wc_category
mp9-750r,https://reyco.glvmarketing.ca/reyco-category/mp9-750r/,wc_category
mp9-series,https://reyco.glvmarketing.ca/reyco-category/mp9-series/,wc_category
mp9-t400,https://reyco.glvmarketing.ca/reyco-category/mp9-t400/,wc_category
multi-tool-systems,https://reyco.glvmarketing.ca/reyco-category/multi-tool-systems/,wc_category
optimum,https://reyco.glvmarketing.ca/reyco-category/optimum/,wc_category
otter-swim-rafts,https://reyco.glvmarketing.ca/reyco-category/otter-swim-rafts/,wc_category
outboard-motors,https://reyco.glvmarketing.ca/reyco-category/outboard-motors/,wc_category
pas-powerheads,https://reyco.glvmarketing.ca/reyco-category/pas-powerheads/,wc_category
pontoons,https://reyco.glvmarketing.ca/reyco-category/pontoons/,wc_category
power-pruners,https://reyco.glvmarketing.ca/reyco-category/power-pruners/,wc_category
precision-chargers,https://reyco.glvmarketing.ca/reyco-category/precision-chargers/,wc_category
pressure-washers,https://reyco.glvmarketing.ca/reyco-category/pressure-washers/,wc_category
pro-backpack-blowers,https://reyco.glvmarketing.ca/reyco-category/pro-backpack-blowers/,wc_category
pro-chainsaws,https://reyco.glvmarketing.ca/reyco-category/pro-chainsaws/,wc_category
pro-pressure-washers,https://reyco.glvmarketing.ca/reyco-category/pro-pressure-washers/,wc_category
pro-trimmers,https://reyco.glvmarketing.ca/reyco-category/pro-trimmers/,wc_category
push-mowers,https://reyco.glvmarketing.ca/reyco-category/push-mowers/,wc_category
pwc-lifts,https://reyco.glvmarketing.ca/reyco-category/pwc-lifts/,wc_category
riding-mowers,https://reyco.glvmarketing.ca/reyco-category/riding-mowers/,wc_category
riptide-kayak-terrova,https://reyco.glvmarketing.ca/reyco-category/riptide-kayak-terrova/,wc_category
riptide-terrova-112,https://reyco.glvmarketing.ca/reyco-category/riptide-terrova-112/,wc_category
riptide-terrova-quest,https://reyco.glvmarketing.ca/reyco-category/riptide-terrova-quest/,wc_category
riptide-terrova-quest-100,https://reyco.glvmarketing.ca/reyco-category/riptide-terrova-quest-100/,wc_category
riptide-terrova-quest-72,https://reyco.glvmarketing.ca/reyco-category/riptide-terrova-quest-72/,wc_category
riptide-terrova-quest-87,https://reyco.glvmarketing.ca/reyco-category/riptide-terrova-quest-87/,wc_category
riptide-terrova-refurbished,https://reyco.glvmarketing.ca/reyco-category/riptide-terrova-refurbished/,wc_category
sector-250,https://reyco.glvmarketing.ca/reyco-category/sector-250/,wc_category
sector-550-eps,https://reyco.glvmarketing.ca/reyco-category/sector-550-eps/,wc_category
sector-750-crew,https://reyco.glvmarketing.ca/reyco-category/sector-750-crew/,wc_category
sector-750-eps,https://reyco.glvmarketing.ca/reyco-category/sector-750-eps/,wc_category
sector-series,https://reyco.glvmarketing.ca/reyco-category/sector-series/,wc_category
single-stage-snowblowers,https://reyco.glvmarketing.ca/reyco-category/single-stage-snowblowers/,wc_category
snow-plows,https://reyco.glvmarketing.ca/reyco-category/snow-plows/,wc_category
sport-utvs,https://reyco.glvmarketing.ca/reyco-category/sport-utvs/,wc_category
standard-hedge-trimmers,https://reyco.glvmarketing.ca/reyco-category/standard-hedge-trimmers/,wc_category
straight-shaft-trimmers,https://reyco.glvmarketing.ca/reyco-category/straight-shaft-trimmers/,wc_category
strike-250r,https://reyco.glvmarketing.ca/reyco-category/strike-250r/,wc_category
strike-550r,https://reyco.glvmarketing.ca/reyco-category/strike-550r/,wc_category
strike-series,https://reyco.glvmarketing.ca/reyco-category/strike-series/,wc_category
string-trimmers,https://reyco.glvmarketing.ca/reyco-category/string-trimmers/,wc_category
stryker-550,https://reyco.glvmarketing.ca/reyco-category/stryker-550/,wc_category
stryker-750,https://reyco.glvmarketing.ca/reyco-category/stryker-750/,wc_category
stryker-750-crew,https://reyco.glvmarketing.ca/reyco-category/stryker-750-crew/,wc_category
stryker-series,https://reyco.glvmarketing.ca/reyco-category/stryker-series/,wc_category
tactic,https://reyco.glvmarketing.ca/reyco-category/tactic/,wc_category
three-stage-snowblowers,https://reyco.glvmarketing.ca/reyco-category/three-stage-snowblowers/,wc_category
timber-wolf,https://reyco.glvmarketing.ca/reyco-category/timber-wolf/,wc_category
top-handle-chainsaws,https://reyco.glvmarketing.ca/reyco-category/top-handle-chainsaws/,wc_category
trailers,https://reyco.glvmarketing.ca/reyco-category/trailers/,wc_category
trimmers,https://reyco.glvmarketing.ca/reyco-category/trimmers/,wc_category
trolling-motors,https://reyco.glvmarketing.ca/reyco-category/trolling-motors/,wc_category
truss-pipe-docks,https://reyco.glvmarketing.ca/reyco-category/truss-pipe-docks/,wc_category
two-stage-snowblowers,https://reyco.glvmarketing.ca/reyco-category/two-stage-snowblowers/,wc_category
u-handle,https://reyco.glvmarketing.ca/reyco-category/u-handle/,wc_category
ultrex-80-45,https://reyco.glvmarketing.ca/reyco-category/ultrex-80-45/,wc_category
ultrex-80-52,https://reyco.glvmarketing.ca/reyco-category/ultrex-80-52/,wc_category
ultrex-quest,https://reyco.glvmarketing.ca/reyco-category/ultrex-quest/,wc_category
uni-troll,https://reyco.glvmarketing.ca/reyco-category/uni-troll/,wc_category
utility-utvs,https://reyco.glvmarketing.ca/reyco-category/utility-utvs/,wc_category
utvs,https://reyco.glvmarketing.ca/reyco-category/utvs/,wc_category
vertical-pontoon-lifts,https://reyco.glvmarketing.ca/reyco-category/vertical-pontoon-lifts/,wc_category
walk-behind-edgers,https://reyco.glvmarketing.ca/reyco-category/walk-behind-edgers/,wc_category
wave-armor,https://reyco.glvmarketing.ca/reyco-category/wave-armor/,wc_category
wave-armour-ports,https://reyco.glvmarketing.ca/reyco-category/wave-armour-ports/,wc_category
wavex,https://reyco.glvmarketing.ca/reyco-category/wavex/,wc_category
wet-slip-lifts,https://reyco.glvmarketing.ca/reyco-category/wet-slip-lifts/,wc_category
x-series-blowers,https://reyco.glvmarketing.ca/reyco-category/x-series-blowers/,wc_category
youth-utvs,https://reyco.glvmarketing.ca/reyco-category/youth-utvs/,wc_category
zero-turn-mowers,https://reyco.glvmarketing.ca/reyco-category/zero-turn-mowers/,wc_category
