id,title,slug,url,canonical_slug,review_required,ai_notes
1046,XT2 LX46,xt2-lx46-2,https://reyco.glvmarketing.ca/product/xt2-lx46-2/,xt2-lx46,N,R140 XT2 LX46 — DUPLICATE PRODUCT — slug has '-N' suffix indicating WP auto-generated variant of an existing product (li
1045,XT1 LT42 IntelliPOWER,xt1-lt42-intellipower-4,https://reyco.glvmarketing.ca/product/xt1-lt42-intellipower-4/,xt1-lt42-intellipower,N,R141 XT1 LT42 IntelliPOWER — DUPLICATE PRODUCT — slug has '-N' suffix indicating WP auto-generated variant of an existin
1043,XT1 LT42 IntelliPOWER,xt1-lt42-intellipower-3,https://reyco.glvmarketing.ca/product/xt1-lt42-intellipower-3/,xt1-lt42-intellipower,N,R143 XT1 LT42 IntelliPOWER — DUPLICATE PRODUCT — slug has '-N' suffix indicating WP auto-generated variant of an existin
1042,XT1 LT42 IntelliPOWER,xt1-lt42-intellipower-2,https://reyco.glvmarketing.ca/product/xt1-lt42-intellipower-2/,xt1-lt42-intellipower,N,R144 XT1 LT42 IntelliPOWER — DUPLICATE PRODUCT — slug has '-N' suffix indicating WP auto-generated variant of an existin
740,2025 Cub Cadet 17ARGBYNA10,2025-cub-cadet-17argbyna10-2,https://reyco.glvmarketing.ca/product/2025-cub-cadet-17argbyna10-2/,2025-cub-cadet-17argbyna10,N,R154 2025 Cub Cadet 17ARGBYNA10 — DUPLICATE PRODUCT — slug has '-N' suffix indicating WP auto-generated variant of an ex
739,2026 Toro 77404,2026-toro-77404-3,https://reyco.glvmarketing.ca/product/2026-toro-77404-3/,2026-toro-77404,N,R155 2026 Toro 77404 — DUPLICATE PRODUCT — slug has '-N' suffix indicating WP auto-generated variant of an existing prod
730,2026 Toro 77404,2026-toro-77404-2,https://reyco.glvmarketing.ca/product/2026-toro-77404-2/,2026-toro-77404,N,R164 2026 Toro 77404 — DUPLICATE PRODUCT — slug has '-N' suffix indicating WP auto-generated variant of an existing prod
729,2026 Toro 22217,2026-toro-22217,https://reyco.glvmarketing.ca/product/2026-toro-22217/,2026-toro,Y,R165 2026 Toro 22217 — DUPLICATE PRODUCT — slug has '-N' suffix indicating WP auto-generated variant of an existing prod
727,XT1 LT50 FAB,2026-cub-cadet-13aqa1tla10-4,https://reyco.glvmarketing.ca/product/2026-cub-cadet-13aqa1tla10-4/,2026-cub-cadet-13aqa1tla10,N,R167 XT1 LT50 FAB — DUPLICATE PRODUCT — slug has '-N' suffix indicating WP auto-generated variant of an existing product
726,XT1 LT50 FAB,2026-cub-cadet-13aqa1tla10-3,https://reyco.glvmarketing.ca/product/2026-cub-cadet-13aqa1tla10-3/,2026-cub-cadet-13aqa1tla10,N,R168 XT1 LT50 FAB — DUPLICATE PRODUCT — slug has '-N' suffix indicating WP auto-generated variant of an existing product
725,XT1 LT46,2026-cub-cadet-13apa9tta10-6,https://reyco.glvmarketing.ca/product/2026-cub-cadet-13apa9tta10-6/,2026-cub-cadet-13apa9tta10,N,R169 XT1 LT46 — DUPLICATE PRODUCT — slug has '-N' suffix indicating WP auto-generated variant of an existing product (li
563,2026 Toro 75747,2026-toro-75747-7,https://reyco.glvmarketing.ca/product/2026-toro-75747-7/,2026-toro-75747,N,R170 2026 Toro 75747 — DUPLICATE PRODUCT — slug has '-N' suffix indicating WP auto-generated variant of an existing prod
562,2026 Cub Cadet 13APA1TNA10,2026-cub-cadet-13apa1tna10-4,https://reyco.glvmarketing.ca/product/2026-cub-cadet-13apa1tna10-4/,2026-cub-cadet-13apa1tna10,N,R171 2026 Cub Cadet 13APA1TNA10 — DUPLICATE PRODUCT — slug has '-N' suffix indicating WP auto-generated variant of an ex
561,2023 Mercury ME 15 ELPHPT PK 4S,2023-mercury-me-15-elphpt-pk-4s-2,https://reyco.glvmarketing.ca/product/2023-mercury-me-15-elphpt-pk-4s-2/,2023-mercury-me-15-elphpt-pk-4s,N,R172 2023 Mercury ME 15 ELPHPT PK 4S — DUPLICATE PRODUCT — slug has '-N' suffix indicating WP auto-generated variant of 
559,2025 Mercury ME 2.5MH 4S TMC,2025-mercury-me-2-5mh-4s-tmc-16,https://reyco.glvmarketing.ca/product/2025-mercury-me-2-5mh-4s-tmc-16/,2025-mercury-me-2-5mh-4s-tmc,N,R174 2025 Mercury ME 2.5MH 4S TMC — DUPLICATE PRODUCT — slug has '-N' suffix indicating WP auto-generated variant of an 
558,2025 Trailer X,2025-trailer-x-4,https://reyco.glvmarketing.ca/product/2025-trailer-x-4/,2025-trailer-x,N,R175 2025 Trailer X — DUPLICATE PRODUCT — slug has '-N' suffix indicating WP auto-generated variant of an existing produ
556,2025 Mercury ME 9.9MH 4S,2025-mercury-me-9-9mh-4s-7,https://reyco.glvmarketing.ca/product/2025-mercury-me-9-9mh-4s-7/,2025-mercury-me-9-9mh-4s,N,R177 2025 Mercury ME 9.9MH 4S — DUPLICATE PRODUCT — slug has '-N' suffix indicating WP auto-generated variant of an exis
555,2026 Cub Cadet 13APA9TTA10,2026-cub-cadet-13apa9tta10-5,https://reyco.glvmarketing.ca/product/2026-cub-cadet-13apa9tta10-5/,2026-cub-cadet-13apa9tta10,N,R178 2026 Cub Cadet 13APA9TTA10 — DUPLICATE PRODUCT — slug has '-N' suffix indicating WP auto-generated variant of an ex
554,2023 Mercury 90 EXLPT CT,2023-mercury-90-exlpt-ct-2,https://reyco.glvmarketing.ca/product/2023-mercury-90-exlpt-ct-2/,2023-mercury-90-exlpt-ct,N,R179 2023 Mercury 90 EXLPT CT — DUPLICATE PRODUCT — slug has '-N' suffix indicating WP auto-generated variant of an exis
552,2022 Mercury ME 30 ELPT EFI 4S,2022-mercury-me-30-elpt-efi-4s-2,https://reyco.glvmarketing.ca/product/2022-mercury-me-30-elpt-efi-4s-2/,2022-mercury-me-30-elpt-efi-4s,N,R181 2022 Mercury ME 30 ELPT EFI 4S — DUPLICATE PRODUCT — slug has '-N' suffix indicating WP auto-generated variant of a
551,2025 Mercury ME 6MH,2025-mercury-me-6mh-10,https://reyco.glvmarketing.ca/product/2025-mercury-me-6mh-10/,2025-mercury-me-6mh,N,R182 2025 Mercury ME 6MH — DUPLICATE PRODUCT — slug has '-N' suffix indicating WP auto-generated variant of an existing 
549,2025 Mercury ME 2.5MH 4S TMC,2025-mercury-me-2-5mh-4s-tmc-15,https://reyco.glvmarketing.ca/product/2025-mercury-me-2-5mh-4s-tmc-15/,2025-mercury-me-2-5mh-4s-tmc,N,R184 2025 Mercury ME 2.5MH 4S TMC — DUPLICATE PRODUCT — slug has '-N' suffix indicating WP auto-generated variant of an 
548,2026 Mercury 50 ELPT EFI CT,2026-mercury-50-elpt-efi-ct-2,https://reyco.glvmarketing.ca/product/2026-mercury-50-elpt-efi-ct-2/,2026-mercury-50-elpt-efi-ct,N,R185 2026 Mercury 50 ELPT EFI CT — DUPLICATE PRODUCT — slug has '-N' suffix indicating WP auto-generated variant of an e
547,2026 Cub Cadet 13APA1TEA10,2026-cub-cadet-13apa1tea10-8,https://reyco.glvmarketing.ca/product/2026-cub-cadet-13apa1tea10-8/,2026-cub-cadet-13apa1tea10,N,R186 2026 Cub Cadet 13APA1TEA10 — DUPLICATE PRODUCT — slug has '-N' suffix indicating WP auto-generated variant of an ex
546,2022 Mercury ME 20 MLH 4S,2022-mercury-me-20-mlh-4s-2,https://reyco.glvmarketing.ca/product/2022-mercury-me-20-mlh-4s-2/,2022-mercury-me-20-mlh-4s,N,R187 2022 Mercury ME 20 MLH 4S — DUPLICATE PRODUCT — slug has '-N' suffix indicating WP auto-generated variant of an exi
545,2024 Mercury ME 50 ELPT 4S EFI,2024-mercury-me-50-elpt-4s-efi-4,https://reyco.glvmarketing.ca/product/2024-mercury-me-50-elpt-4s-efi-4/,2024-mercury-me-50-elpt-4s-efi,N,R188 2024 Mercury ME 50 ELPT 4S EFI — DUPLICATE PRODUCT — slug has '-N' suffix indicating WP auto-generated variant of a
543,2025 Mercury ME 2.5MH 4S TMC,2025-mercury-me-2-5mh-4s-tmc-14,https://reyco.glvmarketing.ca/product/2025-mercury-me-2-5mh-4s-tmc-14/,2025-mercury-me-2-5mh-4s-tmc,N,R190 2025 Mercury ME 2.5MH 4S TMC — DUPLICATE PRODUCT — slug has '-N' suffix indicating WP auto-generated variant of an 
542,2026 Easy Hauler AL-PTDB2023,2026-easy-hauler-al-ptdb2023-4,https://reyco.glvmarketing.ca/product/2026-easy-hauler-al-ptdb2023-4/,2026-easy-hauler-al-ptdb2023,N,R191 2026 Easy Hauler AL-PTDB2023 — DUPLICATE PRODUCT — slug has '-N' suffix indicating WP auto-generated variant of an 
541,2023 Mercury ME 3.5MH 4S TMC,2023-mercury-me-3-5mh-4s-tmc-5,https://reyco.glvmarketing.ca/product/2023-mercury-me-3-5mh-4s-tmc-5/,2023-mercury-me-3-5mh-4s-tmc,N,R192 2023 Mercury ME 3.5MH 4S TMC — DUPLICATE PRODUCT — slug has '-N' suffix indicating WP auto-generated variant of an 
540,2026 Toro 77283,2026-toro-77283-3,https://reyco.glvmarketing.ca/product/2026-toro-77283-3/,2026-toro-77283,N,R193 2026 Toro 77283 — DUPLICATE PRODUCT — slug has '-N' suffix indicating WP auto-generated variant of an existing prod
539,2023 Mercury ME 30 ELHPT EFI 4S,2023-mercury-me-30-elhpt-efi-4s-5,https://reyco.glvmarketing.ca/product/2023-mercury-me-30-elhpt-efi-4s-5/,2023-mercury-me-30-elhpt-efi-4s,N,R194 2023 Mercury ME 30 ELHPT EFI 4S — DUPLICATE PRODUCT — slug has '-N' suffix indicating WP auto-generated variant of 
538,2025 Mercury ME 2.5MH 4S TMC,2025-mercury-me-2-5mh-4s-tmc-13,https://reyco.glvmarketing.ca/product/2025-mercury-me-2-5mh-4s-tmc-13/,2025-mercury-me-2-5mh-4s-tmc,N,R195 2025 Mercury ME 2.5MH 4S TMC — DUPLICATE PRODUCT — slug has '-N' suffix indicating WP auto-generated variant of an 
537,2024 Trailer X,2024-trailer-x-2,https://reyco.glvmarketing.ca/product/2024-trailer-x-2/,2024-trailer-x,N,R196 2024 Trailer X — DUPLICATE PRODUCT — slug has '-N' suffix indicating WP auto-generated variant of an existing produ
535,2025 Mercury ME 2.5MH 4S TMC,2025-mercury-me-2-5mh-4s-tmc-12,https://reyco.glvmarketing.ca/product/2025-mercury-me-2-5mh-4s-tmc-12/,2025-mercury-me-2-5mh-4s-tmc,N,R198 2025 Mercury ME 2.5MH 4S TMC — DUPLICATE PRODUCT — slug has '-N' suffix indicating WP auto-generated variant of an 
534,26 Mercury ME 90ELPT 4S,26-mercury-me-90elpt-4s-4,https://reyco.glvmarketing.ca/product/26-mercury-me-90elpt-4s-4/,26-mercury-me-90elpt-4s,N,R199 26 Mercury ME 90ELPT 4S — DUPLICATE PRODUCT — slug has '-N' suffix indicating WP auto-generated variant of an exist
533,XT1 LT42 IntelliPOWER,2026-cub-cadet-13a6a9ts596-7,https://reyco.glvmarketing.ca/product/2026-cub-cadet-13a6a9ts596-7/,2026-cub-cadet-13a6a9ts596,Y,R200 XT1 LT42 IntelliPOWER — DUPLICATE PRODUCT — slug has '-N' suffix indicating WP auto-generated variant of an existin
532,2025 Mercury ME 5MH,2025-mercury-me-5mh-4,https://reyco.glvmarketing.ca/product/2025-mercury-me-5mh-4/,2025-mercury-me-5mh,N,R201 2025 Mercury ME 5MH — DUPLICATE PRODUCT — slug has '-N' suffix indicating WP auto-generated variant of an existing 
531,2026 Trailer X,2026-trailer-x-4,https://reyco.glvmarketing.ca/product/2026-trailer-x-4/,2026-trailer-x,N,R202 2026 Trailer X — DUPLICATE PRODUCT — slug has '-N' suffix indicating WP auto-generated variant of an existing produ
530,2026 Mercury ME 115XL PXS4S,2026-mercury-me-115xl-pxs4s-5,https://reyco.glvmarketing.ca/product/2026-mercury-me-115xl-pxs4s-5/,2026-mercury-me-115xl-pxs4s,N,R203 2026 Mercury ME 115XL PXS4S — DUPLICATE PRODUCT — slug has '-N' suffix indicating WP auto-generated variant of an e
529,2026 Toro 75747,2026-toro-75747-6,https://reyco.glvmarketing.ca/product/2026-toro-75747-6/,2026-toro-75747,N,R204 2026 Toro 75747 — DUPLICATE PRODUCT — slug has '-N' suffix indicating WP auto-generated variant of an existing prod
526,XT2 LX46,2026-cub-cadet-13apa1tna10-3,https://reyco.glvmarketing.ca/product/2026-cub-cadet-13apa1tna10-3/,2026-cub-cadet-13apa1tna10,N,R207 XT2 LX46 — DUPLICATE PRODUCT — slug has '-N' suffix indicating WP auto-generated variant of an existing product (li
524,2025 Toro 77507,2025-toro-77507,https://reyco.glvmarketing.ca/product/2025-toro-77507/,2025-toro,Y,R209 2025 Toro 77507 — DUPLICATE PRODUCT — slug has '-N' suffix indicating WP auto-generated variant of an existing prod
523,2026 Cub Cadet 13B6A9TTA10,2026-cub-cadet-13b6a9tta10-4,https://reyco.glvmarketing.ca/product/2026-cub-cadet-13b6a9tta10-4/,2026-cub-cadet-13b6a9tta10,N,R210 2026 Cub Cadet 13B6A9TTA10 — DUPLICATE PRODUCT — slug has '-N' suffix indicating WP auto-generated variant of an ex
521,2026 Mercury ME 115XL PXS4S,2026-mercury-me-115xl-pxs4s-4,https://reyco.glvmarketing.ca/product/2026-mercury-me-115xl-pxs4s-4/,2026-mercury-me-115xl-pxs4s,N,R212 2026 Mercury ME 115XL PXS4S — DUPLICATE PRODUCT — slug has '-N' suffix indicating WP auto-generated variant of an e
519,2025 Mercury 75 ELPT,2025-mercury-75-elpt-2,https://reyco.glvmarketing.ca/product/2025-mercury-75-elpt-2/,2025-mercury-75-elpt,N,R214 2025 Mercury 75 ELPT — DUPLICATE PRODUCT — slug has '-N' suffix indicating WP auto-generated variant of an existing
518,2026 Mercury 115 EXLPT PRO XS,2026-mercury-115-exlpt-pro-xs-3,https://reyco.glvmarketing.ca/product/2026-mercury-115-exlpt-pro-xs-3/,2026-mercury-115-exlpt-pro-xs,N,R215 2026 Mercury 115 EXLPT PRO XS — DUPLICATE PRODUCT — slug has '-N' suffix indicating WP auto-generated variant of an
516,2023 Mercury ME 9.9ELH 4S TMC,2023-mercury-me-9-9elh-4s-tmc-2,https://reyco.glvmarketing.ca/product/2023-mercury-me-9-9elh-4s-tmc-2/,2023-mercury-me-9-9elh-4s-tmc,N,R217 2023 Mercury ME 9.9ELH 4S TMC — DUPLICATE PRODUCT — slug has '-N' suffix indicating WP auto-generated variant of an
515,2022 Mercury ME 8MH 4S TMC,2022-mercury-me-8mh-4s-tmc-2,https://reyco.glvmarketing.ca/product/2022-mercury-me-8mh-4s-tmc-2/,2022-mercury-me-8mh-4s-tmc,N,R218 2022 Mercury ME 8MH 4S TMC — DUPLICATE PRODUCT — slug has '-N' suffix indicating WP auto-generated variant of an ex
514,2025 Mercury ME 20 EH 4S,2025-mercury-me-20-eh-4s-2,https://reyco.glvmarketing.ca/product/2025-mercury-me-20-eh-4s-2/,2025-mercury-me-20-eh-4s,N,R219 2025 Mercury ME 20 EH 4S — DUPLICATE PRODUCT — slug has '-N' suffix indicating WP auto-generated variant of an exis
512,2026 Cub Cadet 13A6A9TS596,2026-cub-cadet-13a6a9ts596-6,https://reyco.glvmarketing.ca/product/2026-cub-cadet-13a6a9ts596-6/,2026-cub-cadet-13a6a9ts596,Y,R221 2026 Cub Cadet 13A6A9TS596 — DUPLICATE PRODUCT — slug has '-N' suffix indicating WP auto-generated variant of an ex
511,2026 Toro 75747,2026-toro-75747-5,https://reyco.glvmarketing.ca/product/2026-toro-75747-5/,2026-toro-75747,N,R222 2026 Toro 75747 — DUPLICATE PRODUCT — slug has '-N' suffix indicating WP auto-generated variant of an existing prod
510,2026 Trailer X,2026-trailer-x-3,https://reyco.glvmarketing.ca/product/2026-trailer-x-3/,2026-trailer-x,N,R223 2026 Trailer X — DUPLICATE PRODUCT — slug has '-N' suffix indicating WP auto-generated variant of an existing produ
507,2026 Easy Hauler AL-PTDB2023,2026-easy-hauler-al-ptdb2023-3,https://reyco.glvmarketing.ca/product/2026-easy-hauler-al-ptdb2023-3/,2026-easy-hauler-al-ptdb2023,N,R226 2026 Easy Hauler AL-PTDB2023 — DUPLICATE PRODUCT — slug has '-N' suffix indicating WP auto-generated variant of an 
506,2024 Mercury ME 6MLH,2024-mercury-me-6mlh-4,https://reyco.glvmarketing.ca/product/2024-mercury-me-6mlh-4/,2024-mercury-me-6mlh,N,R227 2024 Mercury ME 6MLH — DUPLICATE PRODUCT — slug has '-N' suffix indicating WP auto-generated variant of an existing
505,2022 Easy Hauler AL-PTDB2026-TRI,2022-easy-hauler-al-ptdb2026-tri-5,https://reyco.glvmarketing.ca/product/2022-easy-hauler-al-ptdb2026-tri-5/,2022-easy-hauler-al-ptdb2026-tri,N,R228 2022 Easy Hauler AL-PTDB2026-TRI — DUPLICATE PRODUCT — slug has '-N' suffix indicating WP auto-generated variant of
503,2026 Toro 77503,2026-toro-77503,https://reyco.glvmarketing.ca/product/2026-toro-77503/,2026-toro,Y,R230 2026 Toro 77503 — DUPLICATE PRODUCT — slug has '-N' suffix indicating WP auto-generated variant of an existing prod
502,2025 Mercury ME 5MH,2025-mercury-me-5mh-3,https://reyco.glvmarketing.ca/product/2025-mercury-me-5mh-3/,2025-mercury-me-5mh,N,R231 2025 Mercury ME 5MH — DUPLICATE PRODUCT — slug has '-N' suffix indicating WP auto-generated variant of an existing 
500,2022 Easy Hauler AL-PTDB2026-TRI,2022-easy-hauler-al-ptdb2026-tri-4,https://reyco.glvmarketing.ca/product/2022-easy-hauler-al-ptdb2026-tri-4/,2022-easy-hauler-al-ptdb2026-tri,N,R233 2022 Easy Hauler AL-PTDB2026-TRI — DUPLICATE PRODUCT — slug has '-N' suffix indicating WP auto-generated variant of
499,XT1 LT46,2026-cub-cadet-13apa9tta10-4,https://reyco.glvmarketing.ca/product/2026-cub-cadet-13apa9tta10-4/,2026-cub-cadet-13apa9tta10,N,R234 XT1 LT46 — DUPLICATE PRODUCT — slug has '-N' suffix indicating WP auto-generated variant of an existing product (li
498,2026 Mercury 115 EXLPT PRO XS,2026-mercury-115-exlpt-pro-xs-2,https://reyco.glvmarketing.ca/product/2026-mercury-115-exlpt-pro-xs-2/,2026-mercury-115-exlpt-pro-xs,N,R235 2026 Mercury 115 EXLPT PRO XS — DUPLICATE PRODUCT — slug has '-N' suffix indicating WP auto-generated variant of an
496,2025 Mercury ME 60 ELHPT CT 4S,2025-mercury-me-60-elhpt-ct-4s-2,https://reyco.glvmarketing.ca/product/2025-mercury-me-60-elhpt-ct-4s-2/,2025-mercury-me-60-elhpt-ct-4s,N,R237 2025 Mercury ME 60 ELHPT CT 4S — DUPLICATE PRODUCT — slug has '-N' suffix indicating WP auto-generated variant of a
495,2024 Mercury ME 6MLH,2024-mercury-me-6mlh-3,https://reyco.glvmarketing.ca/product/2024-mercury-me-6mlh-3/,2024-mercury-me-6mlh,N,R238 2024 Mercury ME 6MLH — DUPLICATE PRODUCT — slug has '-N' suffix indicating WP auto-generated variant of an existing
494,2023 Mercury ME 3.5MH 4S TMC,2023-mercury-me-3-5mh-4s-tmc-4,https://reyco.glvmarketing.ca/product/2023-mercury-me-3-5mh-4s-tmc-4/,2023-mercury-me-3-5mh-4s-tmc,N,R239 2023 Mercury ME 3.5MH 4S TMC — DUPLICATE PRODUCT — slug has '-N' suffix indicating WP auto-generated variant of an 
493,2021 Mercury ME 5 MH LPG 4S,2021-mercury-me-5-mh-lpg-4s-2,https://reyco.glvmarketing.ca/product/2021-mercury-me-5-mh-lpg-4s-2/,2021-mercury-me-5-mh-lpg-4s,N,R240 2021 Mercury ME 5 MH LPG 4S — DUPLICATE PRODUCT — slug has '-N' suffix indicating WP auto-generated variant of an e
492,2024 Mercury ME 50 ELPT 4S EFI,2024-mercury-me-50-elpt-4s-efi-3,https://reyco.glvmarketing.ca/product/2024-mercury-me-50-elpt-4s-efi-3/,2024-mercury-me-50-elpt-4s-efi,N,R241 2024 Mercury ME 50 ELPT 4S EFI — DUPLICATE PRODUCT — slug has '-N' suffix indicating WP auto-generated variant of a
491,XT1 LT50 FAB,2026-cub-cadet-13aqa1tla10-2,https://reyco.glvmarketing.ca/product/2026-cub-cadet-13aqa1tla10-2/,2026-cub-cadet-13aqa1tla10,N,R242 XT1 LT50 FAB — DUPLICATE PRODUCT — slug has '-N' suffix indicating WP auto-generated variant of an existing product
490,2023 Mercury 115 Pro XS,2023-mercury-115-pro-xs-2,https://reyco.glvmarketing.ca/product/2023-mercury-115-pro-xs-2/,2023-mercury-115-pro-xs,N,R243 2023 Mercury 115 Pro XS — DUPLICATE PRODUCT — slug has '-N' suffix indicating WP auto-generated variant of an exist
489,2025 Trailer X,2025-trailer-x-3,https://reyco.glvmarketing.ca/product/2025-trailer-x-3/,2025-trailer-x,N,R244 2025 Trailer X — DUPLICATE PRODUCT — slug has '-N' suffix indicating WP auto-generated variant of an existing produ
488,2023 Mercury ME 30 ELHPT EFI 4S,2023-mercury-me-30-elhpt-efi-4s-4,https://reyco.glvmarketing.ca/product/2023-mercury-me-30-elhpt-efi-4s-4/,2023-mercury-me-30-elhpt-efi-4s,N,R245 2023 Mercury ME 30 ELHPT EFI 4S — DUPLICATE PRODUCT — slug has '-N' suffix indicating WP auto-generated variant of 
486,2023 Mercury ME 20 MLH 4S,2023-mercury-me-20-mlh-4s-2,https://reyco.glvmarketing.ca/product/2023-mercury-me-20-mlh-4s-2/,2023-mercury-me-20-mlh-4s,N,R247 2023 Mercury ME 20 MLH 4S — DUPLICATE PRODUCT — slug has '-N' suffix indicating WP auto-generated variant of an exi
485,2025 Mercury ME 6MH,2025-mercury-me-6mh-9,https://reyco.glvmarketing.ca/product/2025-mercury-me-6mh-9/,2025-mercury-me-6mh,N,R248 2025 Mercury ME 6MH — DUPLICATE PRODUCT — slug has '-N' suffix indicating WP auto-generated variant of an existing 
484,2021 Mercury ME 2.5MH 4S TMC,2021-mercury-me-2-5mh-4s-tmc-2,https://reyco.glvmarketing.ca/product/2021-mercury-me-2-5mh-4s-tmc-2/,2021-mercury-me-2-5mh-4s-tmc,N,R249 2021 Mercury ME 2.5MH 4S TMC — DUPLICATE PRODUCT — slug has '-N' suffix indicating WP auto-generated variant of an 
483,2026 Cub Cadet 13APA1TEA10,2026-cub-cadet-13apa1tea10-7,https://reyco.glvmarketing.ca/product/2026-cub-cadet-13apa1tea10-7/,2026-cub-cadet-13apa1tea10,N,R250 2026 Cub Cadet 13APA1TEA10 — DUPLICATE PRODUCT — slug has '-N' suffix indicating WP auto-generated variant of an ex
481,2025 Mercury ME 2.5MH 4S TMC,2025-mercury-me-2-5mh-4s-tmc-11,https://reyco.glvmarketing.ca/product/2025-mercury-me-2-5mh-4s-tmc-11/,2025-mercury-me-2-5mh-4s-tmc,N,R252 2025 Mercury ME 2.5MH 4S TMC — DUPLICATE PRODUCT — slug has '-N' suffix indicating WP auto-generated variant of an 
479,2023 Mercury ME 30 ELHPT EFI 4S,2023-mercury-me-30-elhpt-efi-4s-3,https://reyco.glvmarketing.ca/product/2023-mercury-me-30-elhpt-efi-4s-3/,2023-mercury-me-30-elhpt-efi-4s,N,R254 2023 Mercury ME 30 ELHPT EFI 4S — DUPLICATE PRODUCT — slug has '-N' suffix indicating WP auto-generated variant of 
477,2025 Mercury ME 6MH,2025-mercury-me-6mh-8,https://reyco.glvmarketing.ca/product/2025-mercury-me-6mh-8/,2025-mercury-me-6mh,N,R256 2025 Mercury ME 6MH — DUPLICATE PRODUCT — slug has '-N' suffix indicating WP auto-generated variant of an existing 
476,2026 Toro 77404,2026-toro-77404,https://reyco.glvmarketing.ca/product/2026-toro-77404/,2026-toro,Y,R257 2026 Toro 77404 — DUPLICATE PRODUCT — slug has '-N' suffix indicating WP auto-generated variant of an existing prod
474,2023 Mercury ME 3.5MH 4S TMC,2023-mercury-me-3-5mh-4s-tmc-3,https://reyco.glvmarketing.ca/product/2023-mercury-me-3-5mh-4s-tmc-3/,2023-mercury-me-3-5mh-4s-tmc,N,R259 2023 Mercury ME 3.5MH 4S TMC — DUPLICATE PRODUCT — slug has '-N' suffix indicating WP auto-generated variant of an 
473,26 Mercury ME 90ELPT 4S,26-mercury-me-90elpt-4s-3,https://reyco.glvmarketing.ca/product/26-mercury-me-90elpt-4s-3/,26-mercury-me-90elpt-4s,N,R260 26 Mercury ME 90ELPT 4S — DUPLICATE PRODUCT — slug has '-N' suffix indicating WP auto-generated variant of an exist
471,2025 Mercury ME 6MH,2025-mercury-me-6mh-7,https://reyco.glvmarketing.ca/product/2025-mercury-me-6mh-7/,2025-mercury-me-6mh,N,R262 2025 Mercury ME 6MH — DUPLICATE PRODUCT — slug has '-N' suffix indicating WP auto-generated variant of an existing 
470,2026 Toro 77283,2026-toro-77283-2,https://reyco.glvmarketing.ca/product/2026-toro-77283-2/,2026-toro-77283,N,R263 2026 Toro 77283 — DUPLICATE PRODUCT — slug has '-N' suffix indicating WP auto-generated variant of an existing prod
469,2026 Cub Cadet 13APA1TEA10,2026-cub-cadet-13apa1tea10-6,https://reyco.glvmarketing.ca/product/2026-cub-cadet-13apa1tea10-6/,2026-cub-cadet-13apa1tea10,N,R264 2026 Cub Cadet 13APA1TEA10 — DUPLICATE PRODUCT — slug has '-N' suffix indicating WP auto-generated variant of an ex
468,2024 Mercury ME 25 ELHPT EFI 4S,2024-mercury-me-25-elhpt-efi-4s-2,https://reyco.glvmarketing.ca/product/2024-mercury-me-25-elhpt-efi-4s-2/,2024-mercury-me-25-elhpt-efi-4s,N,R265 2024 Mercury ME 25 ELHPT EFI 4S — DUPLICATE PRODUCT — slug has '-N' suffix indicating WP auto-generated variant of 
466,2026 Cub Cadet 13A6A9TS596,2026-cub-cadet-13a6a9ts596-5,https://reyco.glvmarketing.ca/product/2026-cub-cadet-13a6a9ts596-5/,2026-cub-cadet-13a6a9ts596,Y,R267 2026 Cub Cadet 13A6A9TS596 — DUPLICATE PRODUCT — slug has '-N' suffix indicating WP auto-generated variant of an ex
465,2025 Mercury ME 2.5MH 4S TMC,2025-mercury-me-2-5mh-4s-tmc-10,https://reyco.glvmarketing.ca/product/2025-mercury-me-2-5mh-4s-tmc-10/,2025-mercury-me-2-5mh-4s-tmc,N,R268 2025 Mercury ME 2.5MH 4S TMC — DUPLICATE PRODUCT — slug has '-N' suffix indicating WP auto-generated variant of an 
464,2025 Mercury ME 9.9MH 4S,2025-mercury-me-9-9mh-4s-6,https://reyco.glvmarketing.ca/product/2025-mercury-me-9-9mh-4s-6/,2025-mercury-me-9-9mh-4s,N,R269 2025 Mercury ME 9.9MH 4S — DUPLICATE PRODUCT — slug has '-N' suffix indicating WP auto-generated variant of an exis
462,2026 Mercury ME 115XL PXS4S,2026-mercury-me-115xl-pxs4s-3,https://reyco.glvmarketing.ca/product/2026-mercury-me-115xl-pxs4s-3/,2026-mercury-me-115xl-pxs4s,N,R270 2026 Mercury ME 115XL PXS4S — DUPLICATE PRODUCT — slug has '-N' suffix indicating WP auto-generated variant of an e
460,2026 Easy Hauler AL-PTDB2023,2026-easy-hauler-al-ptdb2023-2,https://reyco.glvmarketing.ca/product/2026-easy-hauler-al-ptdb2023-2/,2026-easy-hauler-al-ptdb2023,N,R271 2026 Easy Hauler AL-PTDB2023 — DUPLICATE PRODUCT — slug has '-N' suffix indicating WP auto-generated variant of an 
459,XT1 LT46,2026-cub-cadet-13apa9tta10-3,https://reyco.glvmarketing.ca/product/2026-cub-cadet-13apa9tta10-3/,2026-cub-cadet-13apa9tta10,N,R272 XT1 LT46 — DUPLICATE PRODUCT — slug has '-N' suffix indicating WP auto-generated variant of an existing product (li
458,XT1 LT46,2026-cub-cadet-13apa9tta10-2,https://reyco.glvmarketing.ca/product/2026-cub-cadet-13apa9tta10-2/,2026-cub-cadet-13apa9tta10,N,R273 XT1 LT46 — DUPLICATE PRODUCT — slug has '-N' suffix indicating WP auto-generated variant of an existing product (li
455,XT1 LT46 IntelliPOWER,2026-cub-cadet-13b6a9tta10-3,https://reyco.glvmarketing.ca/product/2026-cub-cadet-13b6a9tta10-3/,2026-cub-cadet-13b6a9tta10,N,R276 XT1 LT46 IntelliPOWER — DUPLICATE PRODUCT — slug has '-N' suffix indicating WP auto-generated variant of an existin
454,2026 Trailer X,2026-trailer-x-2,https://reyco.glvmarketing.ca/product/2026-trailer-x-2/,2026-trailer-x,N,R277 2026 Trailer X — DUPLICATE PRODUCT — slug has '-N' suffix indicating WP auto-generated variant of an existing produ
453,2025 Trailer X,2025-trailer-x-2,https://reyco.glvmarketing.ca/product/2025-trailer-x-2/,2025-trailer-x,N,R278 2025 Trailer X — DUPLICATE PRODUCT — slug has '-N' suffix indicating WP auto-generated variant of an existing produ
449,XT1 LT46 IntelliPOWER,2026-cub-cadet-13b6a9tta10-2,https://reyco.glvmarketing.ca/product/2026-cub-cadet-13b6a9tta10-2/,2026-cub-cadet-13b6a9tta10,N,R281 XT1 LT46 IntelliPOWER — DUPLICATE PRODUCT — slug has '-N' suffix indicating WP auto-generated variant of an existin
447,2024 Mercury ME 6MLH,2024-mercury-me-6mlh-2,https://reyco.glvmarketing.ca/product/2024-mercury-me-6mlh-2/,2024-mercury-me-6mlh,N,R283 2024 Mercury ME 6MLH — DUPLICATE PRODUCT — slug has '-N' suffix indicating WP auto-generated variant of an existing
446,2026 Toro 75747,2026-toro-75747-4,https://reyco.glvmarketing.ca/product/2026-toro-75747-4/,2026-toro-75747,N,R284 2026 Toro 75747 — DUPLICATE PRODUCT — slug has '-N' suffix indicating WP auto-generated variant of an existing prod
444,2023 Mercury ME 3.5MH 4S TMC,2023-mercury-me-3-5mh-4s-tmc-2,https://reyco.glvmarketing.ca/product/2023-mercury-me-3-5mh-4s-tmc-2/,2023-mercury-me-3-5mh-4s-tmc,N,R286 2023 Mercury ME 3.5MH 4S TMC — DUPLICATE PRODUCT — slug has '-N' suffix indicating WP auto-generated variant of an 
443,2026 Toro 77501,2026-toro-77501,https://reyco.glvmarketing.ca/product/2026-toro-77501/,2026-toro,Y,R287 2026 Toro 77501 — DUPLICATE PRODUCT — slug has '-N' suffix indicating WP auto-generated variant of an existing prod
442,XT2 LX46,2026-cub-cadet-13apa1tna10-2,https://reyco.glvmarketing.ca/product/2026-cub-cadet-13apa1tna10-2/,2026-cub-cadet-13apa1tna10,N,R288 XT2 LX46 — DUPLICATE PRODUCT — slug has '-N' suffix indicating WP auto-generated variant of an existing product (li
441,XT2 LX42,2026-cub-cadet-13apa1tea10-5,https://reyco.glvmarketing.ca/product/2026-cub-cadet-13apa1tea10-5/,2026-cub-cadet-13apa1tea10,N,R289 XT2 LX42 — DUPLICATE PRODUCT — slug has '-N' suffix indicating WP auto-generated variant of an existing product (li
440,2025 Mercury ME 2.5MH 4S TMC,2025-mercury-me-2-5mh-4s-tmc-9,https://reyco.glvmarketing.ca/product/2025-mercury-me-2-5mh-4s-tmc-9/,2025-mercury-me-2-5mh-4s-tmc,N,R290 2025 Mercury ME 2.5MH 4S TMC — DUPLICATE PRODUCT — slug has '-N' suffix indicating WP auto-generated variant of an 
439,2025 Mercury ME 9.9MH 4S,2025-mercury-me-9-9mh-4s-4,https://reyco.glvmarketing.ca/product/2025-mercury-me-9-9mh-4s-4/,2025-mercury-me-9-9mh-4s,N,R291 2025 Mercury ME 9.9MH 4S — DUPLICATE PRODUCT — slug has '-N' suffix indicating WP auto-generated variant of an exis
437,2025 Mercury ME 9.9MH 4S,2025-mercury-me-9-9mh-4s-3,https://reyco.glvmarketing.ca/product/2025-mercury-me-9-9mh-4s-3/,2025-mercury-me-9-9mh-4s,N,R293 2025 Mercury ME 9.9MH 4S — DUPLICATE PRODUCT — slug has '-N' suffix indicating WP auto-generated variant of an exis
436,2025 Mercury ME 6MH,2025-mercury-me-6mh-6,https://reyco.glvmarketing.ca/product/2025-mercury-me-6mh-6/,2025-mercury-me-6mh,N,R294 2025 Mercury ME 6MH — DUPLICATE PRODUCT — slug has '-N' suffix indicating WP auto-generated variant of an existing 
435,2025 Mercury ME 6MH,2025-mercury-me-6mh-5,https://reyco.glvmarketing.ca/product/2025-mercury-me-6mh-5/,2025-mercury-me-6mh,N,R295 2025 Mercury ME 6MH — DUPLICATE PRODUCT — slug has '-N' suffix indicating WP auto-generated variant of an existing 
433,2026 Mercury ME 115XL PXS4S,2026-mercury-me-115xl-pxs4s-2,https://reyco.glvmarketing.ca/product/2026-mercury-me-115xl-pxs4s-2/,2026-mercury-me-115xl-pxs4s,N,R296 2026 Mercury ME 115XL PXS4S — DUPLICATE PRODUCT — slug has '-N' suffix indicating WP auto-generated variant of an e
431,2025 Mercury ME 5MH,2025-mercury-me-5mh-2,https://reyco.glvmarketing.ca/product/2025-mercury-me-5mh-2/,2025-mercury-me-5mh,N,R298 2025 Mercury ME 5MH — DUPLICATE PRODUCT — slug has '-N' suffix indicating WP auto-generated variant of an existing 
429,2025 Toro 77502,2025-toro-77502,https://reyco.glvmarketing.ca/product/2025-toro-77502/,2025-toro,Y,R300 2025 Toro 77502 — DUPLICATE PRODUCT — slug has '-N' suffix indicating WP auto-generated variant of an existing prod
427,2025 Mercury ME 6MH,2025-mercury-me-6mh-4,https://reyco.glvmarketing.ca/product/2025-mercury-me-6mh-4/,2025-mercury-me-6mh,N,R302 2025 Mercury ME 6MH — DUPLICATE PRODUCT — slug has '-N' suffix indicating WP auto-generated variant of an existing 
423,XT2 LX42,2026-cub-cadet-13apa1tea10-4,https://reyco.glvmarketing.ca/product/2026-cub-cadet-13apa1tea10-4/,2026-cub-cadet-13apa1tea10,N,R306 XT2 LX42 — DUPLICATE PRODUCT — slug has '-N' suffix indicating WP auto-generated variant of an existing product (li
422,2026 Toro 77283,2026-toro-77283,https://reyco.glvmarketing.ca/product/2026-toro-77283/,2026-toro,Y,R307 2026 Toro 77283 — DUPLICATE PRODUCT — slug has '-N' suffix indicating WP auto-generated variant of an existing prod
420,2026 Toro 72504,2026-toro-72504,https://reyco.glvmarketing.ca/product/2026-toro-72504/,2026-toro,Y,R309 2026 Toro 72504 — DUPLICATE PRODUCT — slug has '-N' suffix indicating WP auto-generated variant of an existing prod
419,2022 Easy Hauler AL-PTDB2026-TRI,2022-easy-hauler-al-ptdb2026-tri-3,https://reyco.glvmarketing.ca/product/2022-easy-hauler-al-ptdb2026-tri-3/,2022-easy-hauler-al-ptdb2026-tri,N,R310 2022 Easy Hauler AL-PTDB2026-TRI — DUPLICATE PRODUCT — slug has '-N' suffix indicating WP auto-generated variant of
417,XT2 LX42,2026-cub-cadet-13apa1tea10-3,https://reyco.glvmarketing.ca/product/2026-cub-cadet-13apa1tea10-3/,2026-cub-cadet-13apa1tea10,N,R312 XT2 LX42 — DUPLICATE PRODUCT — slug has '-N' suffix indicating WP auto-generated variant of an existing product (li
416,2022 Easy Hauler AL-PTDB2026-TRI,2022-easy-hauler-al-ptdb2026-tri-2,https://reyco.glvmarketing.ca/product/2022-easy-hauler-al-ptdb2026-tri-2/,2022-easy-hauler-al-ptdb2026-tri,N,R313 2022 Easy Hauler AL-PTDB2026-TRI — DUPLICATE PRODUCT — slug has '-N' suffix indicating WP auto-generated variant of
413,2023 Mercury ME 30 ELHPT EFI 4S,2023-mercury-me-30-elhpt-efi-4s-2,https://reyco.glvmarketing.ca/product/2023-mercury-me-30-elhpt-efi-4s-2/,2023-mercury-me-30-elhpt-efi-4s,N,R316 2023 Mercury ME 30 ELHPT EFI 4S — DUPLICATE PRODUCT — slug has '-N' suffix indicating WP auto-generated variant of 
405,XT2 LX42,2026-cub-cadet-13apa1tea10-2,https://reyco.glvmarketing.ca/product/2026-cub-cadet-13apa1tea10-2/,2026-cub-cadet-13apa1tea10,N,R324 XT2 LX42 — DUPLICATE PRODUCT — slug has '-N' suffix indicating WP auto-generated variant of an existing product (li
396,2025 Mercury ME 2.5MH 4S TMC,2025-mercury-me-2-5mh-4s-tmc-8,https://reyco.glvmarketing.ca/product/2025-mercury-me-2-5mh-4s-tmc-8/,2025-mercury-me-2-5mh-4s-tmc,N,R333 2025 Mercury ME 2.5MH 4S TMC — DUPLICATE PRODUCT — slug has '-N' suffix indicating WP auto-generated variant of an 
392,26 Mercury ME 90ELPT 4S,26-mercury-me-90elpt-4s-2,https://reyco.glvmarketing.ca/product/26-mercury-me-90elpt-4s-2/,26-mercury-me-90elpt-4s,N,R337 26 Mercury ME 90ELPT 4S — DUPLICATE PRODUCT — slug has '-N' suffix indicating WP auto-generated variant of an exist
391,2025 Mercury ME 2.5MH 4S TMC,2025-mercury-me-2-5mh-4s-tmc-7,https://reyco.glvmarketing.ca/product/2025-mercury-me-2-5mh-4s-tmc-7/,2025-mercury-me-2-5mh-4s-tmc,N,R338 2025 Mercury ME 2.5MH 4S TMC — DUPLICATE PRODUCT — slug has '-N' suffix indicating WP auto-generated variant of an 
389,2026 Toro 75747,2026-toro-75747-3,https://reyco.glvmarketing.ca/product/2026-toro-75747-3/,2026-toro-75747,N,R340 2026 Toro 75747 — DUPLICATE PRODUCT — slug has '-N' suffix indicating WP auto-generated variant of an existing prod
388,2024 Mercury ME 50 ELPT 4S EFI,2024-mercury-me-50-elpt-4s-efi-2,https://reyco.glvmarketing.ca/product/2024-mercury-me-50-elpt-4s-efi-2/,2024-mercury-me-50-elpt-4s-efi,N,R341 2024 Mercury ME 50 ELPT 4S EFI — DUPLICATE PRODUCT — slug has '-N' suffix indicating WP auto-generated variant of a
386,XT1 LT42 IntelliPOWER,2026-cub-cadet-13a6a9ts596-4,https://reyco.glvmarketing.ca/product/2026-cub-cadet-13a6a9ts596-4/,2026-cub-cadet-13a6a9ts596,Y,R343 XT1 LT42 IntelliPOWER — DUPLICATE PRODUCT — slug has '-N' suffix indicating WP auto-generated variant of an existin
379,2025 Mercury ME 9.9MH 4S,2025-mercury-me-9-9mh-4s-2,https://reyco.glvmarketing.ca/product/2025-mercury-me-9-9mh-4s-2/,2025-mercury-me-9-9mh-4s,N,R349 2025 Mercury ME 9.9MH 4S — DUPLICATE PRODUCT — slug has '-N' suffix indicating WP auto-generated variant of an exis
378,2026 Toro 75747,2026-toro-75747-2,https://reyco.glvmarketing.ca/product/2026-toro-75747-2/,2026-toro-75747,N,R350 2026 Toro 75747 — DUPLICATE PRODUCT — slug has '-N' suffix indicating WP auto-generated variant of an existing prod
376,2025 Mercury ME 6MH,2025-mercury-me-6mh-3,https://reyco.glvmarketing.ca/product/2025-mercury-me-6mh-3/,2025-mercury-me-6mh,N,R352 2025 Mercury ME 6MH — DUPLICATE PRODUCT — slug has '-N' suffix indicating WP auto-generated variant of an existing 
375,2025 Mercury ME 6MH,2025-mercury-me-6mh-2,https://reyco.glvmarketing.ca/product/2025-mercury-me-6mh-2/,2025-mercury-me-6mh,N,R353 2025 Mercury ME 6MH — DUPLICATE PRODUCT — slug has '-N' suffix indicating WP auto-generated variant of an existing 
373,XT1 LT42 IntelliPOWER,2026-cub-cadet-13a6a9ts596-2,https://reyco.glvmarketing.ca/product/2026-cub-cadet-13a6a9ts596-2/,2026-cub-cadet-13a6a9ts596,Y,R355 XT1 LT42 IntelliPOWER — DUPLICATE PRODUCT — slug has '-N' suffix indicating WP auto-generated variant of an existin
372,2025 Mercury ME 2.5MH 4S TMC,2025-mercury-me-2-5mh-4s-tmc-6,https://reyco.glvmarketing.ca/product/2025-mercury-me-2-5mh-4s-tmc-6/,2025-mercury-me-2-5mh-4s-tmc,N,R356 2025 Mercury ME 2.5MH 4S TMC — DUPLICATE PRODUCT — slug has '-N' suffix indicating WP auto-generated variant of an 
370,2025 Mercury ME 2.5MH 4S TMC,2025-mercury-me-2-5mh-4s-tmc-5,https://reyco.glvmarketing.ca/product/2025-mercury-me-2-5mh-4s-tmc-5/,2025-mercury-me-2-5mh-4s-tmc,N,R358 2025 Mercury ME 2.5MH 4S TMC — DUPLICATE PRODUCT — slug has '-N' suffix indicating WP auto-generated variant of an 
369,2026 Toro 75747,2026-toro-75747,https://reyco.glvmarketing.ca/product/2026-toro-75747/,2026-toro,Y,R359 2026 Toro 75747 — DUPLICATE PRODUCT — slug has '-N' suffix indicating WP auto-generated variant of an existing prod
368,2025 Mercury ME 2.5MH 4S TMC,2025-mercury-me-2-5mh-4s-tmc-4,https://reyco.glvmarketing.ca/product/2025-mercury-me-2-5mh-4s-tmc-4/,2025-mercury-me-2-5mh-4s-tmc,N,R360 2025 Mercury ME 2.5MH 4S TMC — DUPLICATE PRODUCT — slug has '-N' suffix indicating WP auto-generated variant of an 
367,2025 Mercury ME 2.5MH 4S TMC,2025-mercury-me-2-5mh-4s-tmc-3,https://reyco.glvmarketing.ca/product/2025-mercury-me-2-5mh-4s-tmc-3/,2025-mercury-me-2-5mh-4s-tmc,N,R361 2025 Mercury ME 2.5MH 4S TMC — DUPLICATE PRODUCT — slug has '-N' suffix indicating WP auto-generated variant of an 
365,2025 Mercury ME 2.5MH 4S TMC,2025-mercury-me-2-5mh-4s-tmc-2,https://reyco.glvmarketing.ca/product/2025-mercury-me-2-5mh-4s-tmc-2/,2025-mercury-me-2-5mh-4s-tmc,N,R363 2025 Mercury ME 2.5MH 4S TMC — DUPLICATE PRODUCT — slug has '-N' suffix indicating WP auto-generated variant of an 
267,Cannon Uni-Troll 5,cannon-uni-troll-5,https://reyco.glvmarketing.ca/product/cannon-uni-troll-5/,cannon-uni-troll,Y,R459 Cannon Uni-Troll 5 — DUPLICATE PRODUCT — slug has '-N' suffix indicating WP auto-generated variant of an existing p
266,Cannon Uni-Troll 10,cannon-uni-troll-10,https://reyco.glvmarketing.ca/product/cannon-uni-troll-10/,cannon-uni-troll,Y,R460 Cannon Uni-Troll 10 — DUPLICATE PRODUCT — slug has '-N' suffix indicating WP auto-generated variant of an existing 
264,Cannon Magnum 5,cannon-magnum-5,https://reyco.glvmarketing.ca/product/cannon-magnum-5/,cannon-magnum,Y,R462 Cannon Magnum 5 — DUPLICATE PRODUCT — slug has '-N' suffix indicating WP auto-generated variant of an existing prod
263,Cannon Magnum 10,cannon-magnum-10,https://reyco.glvmarketing.ca/product/cannon-magnum-10/,cannon-magnum,Y,R463 Cannon Magnum 10 — DUPLICATE PRODUCT — slug has '-N' suffix indicating WP auto-generated variant of an existing pro
249,"Minn Kota Riptide Terrova QUEST 90/115 — 100""",minn-kota-riptide-terrova-quest-90-115-100,https://reyco.glvmarketing.ca/product/minn-kota-riptide-terrova-quest-90-115-100/,minn-kota-riptide-terrova-quest-90-115,Y,R477 Minn Kota Riptide Terrova QUEST 90/115 — — DUPLICATE PRODUCT — slug has '-N' suffix indicating WP auto-generated va
248,"Minn Kota Riptide Terrova QUEST 90/115 — 87""",minn-kota-riptide-terrova-quest-90-115-87,https://reyco.glvmarketing.ca/product/minn-kota-riptide-terrova-quest-90-115-87/,minn-kota-riptide-terrova-quest-90-115,Y,R478 Minn Kota Riptide Terrova QUEST 90/115 — — DUPLICATE PRODUCT — slug has '-N' suffix indicating WP auto-generated va
247,"Minn Kota Riptide Terrova QUEST 90/115 — 72""",minn-kota-riptide-terrova-quest-90-115-72,https://reyco.glvmarketing.ca/product/minn-kota-riptide-terrova-quest-90-115-72/,minn-kota-riptide-terrova-quest-90-115,Y,R479 Minn Kota Riptide Terrova QUEST 90/115 — — DUPLICATE PRODUCT — slug has '-N' suffix indicating WP auto-generated va
