attachment_id,alt_text
714,Cannon Easi-Troll Downrigger | Cannon | Reyco Marine
716,Cannon Lake-Troll Downrigger | Cannon | Reyco Marine
704,Cannon Magnum 10 Downrigger | Cannon | Reyco Marine
703,Cannon Magnum 10 TS Downrigger | Cannon | Reyco Marine
706,Cannon Magnum 5 Downrigger | Cannon | Reyco Marine
718,Cannon Mini-Troll Downrigger | Cannon | Reyco Marine
701,Cannon Optimum Downrigger | Cannon | Reyco Marine
699,Cannon Optimum TS Downrigger | Cannon | Reyco Marine
710,Cannon Uni-Troll 10 Downrigger | Cannon | Reyco Marine
708,Cannon Uni-Troll 10 TS Downrigger | Cannon | Reyco Marine
712,Cannon Uni-Troll 5 Downrigger | Cannon | Reyco Marine
997,2023 Cub Cadet 17AIEACL010 Zero-Turn Mower | Cub Cadet | Reyco Marine
998,2023 Cub Cadet ZTS1 Zero-Turn Mower | Cub Cadet | Reyco Marine
995,2024 Cub Cadet ZT250 50-inch Zero-Turn Mower | Cub Cadet | Reyco Marine
996,2024 Cub Cadet ZT2-54 54-inch Zero-Turn Mower | Cub Cadet | Reyco Marine
999,2024 Cub Cadet 17ARGBYLA10 Zero-Turn Mower | Cub Cadet | Reyco Marine
1000,2025 Cub Cadet ZTS46 46-inch Zero-Turn Mower | Cub Cadet | Reyco Marine
963,2026 Cub Cadet XT1 LT42 42-inch Riding Mower | Cub Cadet | Reyco Marine
970,2026 Cub Cadet XT2 LX42 42-inch Riding Mower | Cub Cadet | Reyco Marine
969,2026 Cub Cadet XT2 LX42 42-inch Riding Mower | Cub Cadet | Reyco Marine
975,2026 Cub Cadet XT2 LX46 46-inch Riding Mower | Cub Cadet | Reyco Marine
980,2026 Cub Cadet XT1 LT46 46-inch Riding Mower | Cub Cadet | Reyco Marine
979,2026 Cub Cadet XT1 LT46 46-inch Riding Mower | Cub Cadet | Reyco Marine
989,2026 Cub Cadet XT1 ST54 54-inch Riding Mower FAB | Cub Cadet | Reyco Marine
990,2026 Cub Cadet NX 15 SLX50 50-inch Riding Mower | Cub Cadet | Reyco Marine
994,2026 Cub Cadet XT1 LT46 46-inch Riding Mower IntelliPOWER | Cub Cadet | Reyco Marine
991,2026 Cub Cadet XT1 LT46 46-inch Riding Mower | Cub Cadet | Reyco Marine
577,Cub Cadet Challenger 750 MX (Hisun-Built UTV) | Cub Cadet | Reyco Marine
1092,2026 Cub Cadet XT1 LT42 42-inch Riding Mower IntelliPOWER Enduro Series | Cub Cadet | Reyco Marine
1067,2026 Cub Cadet XT1 LT50 50-inch Riding Mower FAB Enduro Series | Cub Cadet | Reyco Marine
1107,2026 Cub Cadet XT1 ST54 54-inch Riding Mower FAB Enduro Series | Cub Cadet | Reyco Marine
1114,2026 Cub Cadet XT2 GX54 54-inch Riding Mower Enduro Series | Cub Cadet | Reyco Marine
1085,2026 Cub Cadet XT2 LX46 46-inch Riding Mower Enduro Series | Cub Cadet | Reyco Marine
1005,2022 Easy Hauler AL-PTDB2026-TRI Trailer | Easy Hauler | Reyco Marine
785,2024 Easy Hauler AL-1610B-YC Trailer | Easy Hauler | Reyco Marine
1002,2025 Easy Hauler 480 x 12B Trailer | Easy Hauler | Reyco Marine
1004,2026 Easy Hauler AL-PTDB2023 Trailer | Easy Hauler | Reyco Marine
653,2026 Hisun ACE NV Electric Golf Cart | Hisun | Reyco Marine
654,2026 Hisun GUARDIAN ATV | Hisun | Reyco Marine
762,2026 Hisun HS 400 ATV | Hisun | Reyco Marine
763,2026 Hisun HS 500 ATV | Hisun | Reyco Marine
651,2026 Hisun MP9 550R UTV | Hisun | Reyco Marine
660,2026 Hisun MP9 750R UTV | Hisun | Reyco Marine
661,2026 Hisun MP9T400 UTV | Hisun | Reyco Marine
656,2026 Hisun Sector 250 UTV | Hisun | Reyco Marine
648,2026 Hisun Sector 550 EPS UTV | Hisun | Reyco Marine
649,2026 Hisun Sector 750 Crew UTV | Hisun | Reyco Marine
657,2026 Hisun Sector 750 EPS UTV | Hisun | Reyco Marine
652,2026 Hisun Sector E1 Electric UTV | Hisun | Reyco Marine
646,2026 Hisun Strike 250R UTV | Hisun | Reyco Marine
647,2026 Hisun Strike 550R UTV | Hisun | Reyco Marine
658,2026 Hisun Stryker 550X UTV | Hisun | Reyco Marine
659,2026 Hisun Stryker 750 Crew UTV | Hisun | Reyco Marine
650,2026 Hisun Stryker 750X UTV | Hisun | Reyco Marine
655,2026 Hisun Tactic ATV | Hisun | Reyco Marine
687,Humminbird APEX 13 MEGA SI+ Chartplotter | Humminbird | Reyco Marine
689,Humminbird APEX 13 MEGA SI+ Chartplotter (Control Head Only) | Humminbird | Reyco Marine
691,Humminbird APEX 16 MEGA SI+ Chartplotter | Humminbird | Reyco Marine
693,Humminbird APEX 16 MEGA SI+ Chartplotter (Control Head Only) | Humminbird | Reyco Marine
695,Humminbird APEX 19 MEGA SI+ Chartplotter | Humminbird | Reyco Marine
697,Humminbird APEX 19 MEGA SI+ Chartplotter (Control Head Only) | Humminbird | Reyco Marine
572,Humminbird ICE MEGA Live 2 Compact Pole-Mount Ice Sonar | Humminbird | Reyco Marine
573,Humminbird ICE XPLORE Shuttle Conversion Kit | Humminbird | Reyco Marine
724,Humminbird MEGA Live 2 Forward-Facing Live Sonar | Humminbird | Reyco Marine
571,Humminbird MEGA Live 2 Transom-Mount Live Sonar | Humminbird | Reyco Marine
920,2014 Mercury 50 HP FourStroke Outboard Motor | Mercury | Reyco Marine
753,2021 Mercury 2.5 HP FourStroke Outboard Motor | Mercury | Reyco Marine
859,2021 Mercury 20 HP FourStroke Outboard Motor | Mercury | Reyco Marine
794,2021 Mercury 5 HP FourStroke Outboard Motor | Mercury | Reyco Marine
851,2022 Mercury 15 HP FourStroke Outboard Motor | Mercury | Reyco Marine
871,2022 Mercury 20 HP FourStroke Outboard Motor | Mercury | Reyco Marine
894,2022 Mercury 30 HP FourStroke Outboard Motor | Mercury | Reyco Marine
789,2022 Mercury 4 HP FourStroke Outboard Motor | Mercury | Reyco Marine
797,2022 Mercury 5 HP FourStroke Outboard Motor | Mercury | Reyco Marine
932,2022 Mercury 60 HP FourStroke Outboard Motor | Mercury | Reyco Marine
825,2022 Mercury 8 HP FourStroke Outboard Motor | Mercury | Reyco Marine
833,2022 Mercury 9.9 HP FourStroke Outboard Motor | Mercury | Reyco Marine
957,2023 Mercury 115 HP Pro XS Outboard Motor | Mercury | Reyco Marine
939,2023 Mercury 60 HP FourStroke Outboard Motor | Mercury | Reyco Marine
948,2023 Mercury 90 HP FourStroke Outboard Motor | Mercury | Reyco Marine
849,2023 Mercury ME 15 ELHPT PK 4S | Mercury | Reyco Marine
867,2023 Mercury 20 HP FourStroke Outboard Motor | Mercury | Reyco Marine
881,2023 Mercury 25 HP FourStroke Outboard Motor | Mercury | Reyco Marine
788,2023 Mercury 3.5 HP FourStroke Outboard Motor | Mercury | Reyco Marine
891,2023 Mercury 30 HP FourStroke Outboard Motor | Mercury | Reyco Marine
902,2023 Mercury 40 HP FourStroke Outboard Motor | Mercury | Reyco Marine
809,2023 Mercury 6 HP FourStroke Outboard Motor | Mercury | Reyco Marine
841,2023 Mercury 9.9 HP FourStroke Outboard Motor | Mercury | Reyco Marine
853,2024 Mercury 15 HP FourStroke Tiller Electric Start Outboard Motor | Mercury | Reyco Marine
847,2024 Mercury 15 HP FourStroke 20-inch Shaft Outboard Motor | Mercury | Reyco Marine
877,2024 Mercury 25 HP FourStroke Tiller Electric Start EFI Outboard Motor | Mercury | Reyco Marine
879,2024 Mercury 25 HP FourStroke 20-inch Shaft Tiller Electric Start EFI Outboard Motor | Mercury | Reyco Marine
790,2024 Mercury 4 HP FourStroke Outboard Motor | Mercury | Reyco Marine
926,2024 Mercury 50 HP FourStroke Outboard Motor | Mercury | Reyco Marine
806,2024 Mercury 6 HP FourStroke Outboard Motor | Mercury | Reyco Marine
823,2024 Mercury 8 HP FourStroke Outboard Motor | Mercury | Reyco Marine
898,2025 Mercury 40 HP FourStroke Outboard Motor | Mercury | Reyco Marine
943,2025 Mercury 75 HP FourStroke Outboard Motor | Mercury | Reyco Marine
759,2025 Mercury 2.5 HP FourStroke Outboard Motor | Mercury | Reyco Marine
869,2025 Mercury 20 HP FourStroke Tiller Electric Start Outboard Motor | Mercury | Reyco Marine
863,2025 Mercury 20 HP FourStroke Tiller Manual Start Outboard Motor | Mercury | Reyco Marine
873,2025 Mercury 25 HP FourStroke Outboard Motor | Mercury | Reyco Marine
917,2025 Mercury 50 HP FourStroke 20-inch Shaft Tiller Electric Start EFI Outboard Motor | Mercury | Reyco Marine
914,2025 Mercury 50 HP FourStroke 20-inch Shaft Command Thrust EFI Outboard Motor | Mercury | Reyco Marine
795,2025 Mercury 5 HP FourStroke Outboard Motor | Mercury | Reyco Marine
941,2025 Mercury 60 HP FourStroke 20-inch Shaft Tiller Electric Start Command Thrust Outboard Motor | Mercury | Reyco Marine
938,2025 Mercury 60 HP FourStroke 20-inch Shaft Command Thrust EFI Outboard Motor | Mercury | Reyco Marine
819,2025 Mercury 6 HP FourStroke Outboard Motor | Mercury | Reyco Marine
843,2025 Mercury 9.9 HP FourStroke Outboard Motor | Mercury | Reyco Marine
960,2026 Mercury 115 HP Pro XS Outboard Motor | Mercury | Reyco Marine
961,2026 Mercury 150 HP FourStroke Outboard Motor | Mercury | Reyco Marine
900,2026 Mercury 40 HP FourStroke Outboard Motor | Mercury | Reyco Marine
905,2026 Mercury 50 HP FourStroke Outboard Motor | Mercury | Reyco Marine
947,2026 Mercury 90 HP FourStroke 25-inch Shaft Command Thrust Outboard Motor | Mercury | Reyco Marine
955,2026 Mercury 115 HP FourStroke Outboard Motor | Mercury | Reyco Marine
949,2026 Mercury 90 HP FourStroke 20-inch Shaft Outboard Motor | Mercury | Reyco Marine
722,Minn Kota Battery Charger Extension Cable MK-EC-15 (Bulk) | Minn Kota | Reyco Marine
676,2026 Minn Kota Kayak Terrova 55 lb Trolling Motor (Freshwater) | Minn Kota | Reyco Marine
719,Minn Kota MK 230 PCL 2-Bank x 15-Amp Battery Charger | Minn Kota | Reyco Marine
680,Minn Kota MK 330 PC 3-Bank x 10-Amp Battery Charger | Minn Kota | Reyco Marine
720,Minn Kota MK 345 PCL 3-Bank x 15-Amp Battery Charger | Minn Kota | Reyco Marine
683,Minn Kota MK 460 PCL 4-Bank x 15-Amp Battery Charger | Minn Kota | Reyco Marine
721,Minn Kota Remote Power Switch MKR-30 | Minn Kota | Reyco Marine
679,2026 Minn Kota Riptide Kayak Terrova 55 lb Trolling Motor (Saltwater) | Minn Kota | Reyco Marine
673,2026 Minn Kota Riptide Terrova 112 lb 87-inch Shaft Trolling Motor | Minn Kota | Reyco Marine
675,2026 Minn Kota Riptide Terrova 80 lb 60-inch Shaft Trolling Motor (Refurbished) | Minn Kota | Reyco Marine
671,2026 Minn Kota Riptide Terrova QUEST 90/115 lb 100-inch Shaft Trolling Motor | Minn Kota | Reyco Marine
667,2026 Minn Kota Riptide Terrova QUEST 90/115 lb 72-inch Shaft Trolling Motor | Minn Kota | Reyco Marine
669,2026 Minn Kota Riptide Terrova QUEST 90/115 lb 87-inch Shaft Trolling Motor | Minn Kota | Reyco Marine
663,2026 Minn Kota Ultrex 80 lb 45-inch Shaft Trolling Motor | Minn Kota | Reyco Marine
664,2026 Minn Kota Ultrex 80 lb 52-inch Shaft Trolling Motor | Minn Kota | Reyco Marine
665,2026 Minn Kota Ultrex QUEST 90/115 lb Trolling Motor | Minn Kota | Reyco Marine
778,Wave Armour PWC Wave Port | Other | Reyco Marine
1188,2023 Princecraft Sportfisher 21-ft 2RS Pontoon | Princecraft | Reyco Marine
1195,2023 Princecraft Sportfisher 21-ft 2S Fishing Edition Pontoon | Princecraft | Reyco Marine
1190,2023 Princecraft Sportfisher 23-ft Pontoon | Princecraft | Reyco Marine
1187,2024 Princecraft Resorter 160 BT Aluminum Fishing Boat | Princecraft | Reyco Marine
1185,2025 Princecraft Amarok 166 WS Aluminum Fishing Boat | Princecraft | Reyco Marine
1180,2026 Princecraft Vectra 21-ft Pontoon | Princecraft | Reyco Marine
776,R&J Boat Lift Roof System | R&J Machine | Reyco Marine
771,R&J Cantilever Boat Lift | R&J Machine | Reyco Marine
767,R&J Floating Truss Dock | R&J Machine | Reyco Marine
775,R&J Hidden-Beam Wet-Slip Lift | R&J Machine | Reyco Marine
772,R&J Hydraulic Boat Lift | R&J Machine | Reyco Marine
777,R&J Hydraulic PWC Lift | R&J Machine | Reyco Marine
774,R&J Hydro Extreme Boat Lift | R&J Machine | Reyco Marine
770,R&J Lift-Up Step Dock | R&J Machine | Reyco Marine
768,R&J LUX Floating Dock System | R&J Machine | Reyco Marine
779,R&J Marine Railway System | R&J Machine | Reyco Marine
766,R&J Truss Pipe Dock — Aluminum | R&J Machine | Reyco Marine
773,R&J Vertical Pontoon Boat Lift | R&J Machine | Reyco Marine
769,R&J WaveX Modular Dock System | R&J Machine | Reyco Marine
1020,2024 Trailer X — Ice-Fishing Utility Trailer | Trailer | Reyco Marine
1028,2025 Trailer X — Hunt-Camp Utility Trailer | Trailer | Reyco Marine
1024,2025 Trailer X — Sled-Hauling Utility Trailer | Trailer | Reyco Marine
1022,2026 Trailer X — Firewood & Brush Utility Trailer | Trailer | Reyco Marine
1026,2026 Trailer X — Cottage-Country Utility Trailer | Trailer | Reyco Marine
1014,2026 Trailer X — Lumber-Hauling Utility Trailer | Trailer | Reyco Marine
1016,2026 Trailer X — Kayak & Small-Boat Utility Trailer | Trailer | Reyco Marine
780,Wave Armour Otter Swim Raft 8'x10' | Wave Armor | Reyco Marine
