id,rank_math_description
525,"50 HP Electric Start EFI Outboard from Mercury — certified Mercury dealer, Sault Ste. Marie. 4-stroke outboard for Northern Ontario boating. Reyco Marine."
520,"50 HP Electric Start EFI Outboard from Mercury — certified Mercury dealer, Sault Ste. Marie. 4-stroke outboard for Northern Ontario boating. Reyco Marine."
401,"2.5 HP Outboard from Mercury — certified Mercury dealer, Sault Ste. Marie. 4-stroke outboard for Northern Ontario boating. Reyco Marine."
363,"2.5 HP Outboard from Mercury — certified Mercury dealer, Sault Ste. Marie. 4-stroke outboard for Northern Ontario boating. Reyco Marine."
557,"20 HP Electric Start Outboard from Mercury — certified Mercury dealer, Sault Ste. Marie. 4-stroke outboard for Northern Ontario boating. Reyco Marine."
415,"Boat trailer from Easy Hauler at Reyco Marine, Sault Ste. Marie — Northern Ontario marine dealer since 1970. Financing available."
527,"15 HP Electric Start Outboard from Mercury — certified Mercury dealer, Sault Ste. Marie. 4-stroke outboard for Northern Ontario boating. Reyco Marine."
513,"15 HP Electric Start Outboard from Mercury — certified Mercury dealer, Sault Ste. Marie. 4-stroke outboard for Northern Ontario boating. Reyco Marine."
475,"20 HP Outboard from Mercury — certified Mercury dealer, Sault Ste. Marie. 4-stroke outboard for Northern Ontario boating. Reyco Marine."
410,"20 HP Outboard from Mercury — certified Mercury dealer, Sault Ste. Marie. 4-stroke outboard for Northern Ontario boating. Reyco Marine."
399,"20 HP Outboard from Mercury — certified Mercury dealer, Sault Ste. Marie. 4-stroke outboard for Northern Ontario boating. Reyco Marine."
412,"30 HP EFI Outboard from Mercury — certified Mercury dealer, Sault Ste. Marie. 4-stroke outboard for Northern Ontario boating. Reyco Marine."
418,"4 HP Outboard from Mercury — certified Mercury dealer, Sault Ste. Marie. 4-stroke outboard for Northern Ontario boating. Reyco Marine."
408,"4 HP Outboard from Mercury — certified Mercury dealer, Sault Ste. Marie. 4-stroke outboard for Northern Ontario boating. Reyco Marine."
731,"60 HP EFI Outboard from Mercury — certified Mercury dealer, Sault Ste. Marie. 4-stroke outboard for Northern Ontario boating. Reyco Marine."
402,"8 HP Outboard from Mercury — certified Mercury dealer, Sault Ste. Marie. 4-stroke outboard for Northern Ontario boating. Reyco Marine."
467,"9.9 HP Electric Start Outboard from Mercury — certified Mercury dealer, Sault Ste. Marie. 4-stroke outboard for Northern Ontario boating. Reyco Marine."
381,"9.9 HP Electric Start Outboard from Mercury — certified Mercury dealer, Sault Ste. Marie. 4-stroke outboard for Northern Ontario boating. Reyco Marine."
736,"Toro TimeCutter Zero Turn Mower from Toro at Reyco Marine — zero-turn mower, fast precise cut. Toro dealer, Sault Ste. Marie. Service available."
741,"ZT2 42 Zero Turn from Cub Cadet at Reyco Marine — zero-turn mower, fast precise cut. Cub Cadet dealer, Sault Ste. Marie. Service available."
740,"ZT2 42 Zero Turn from Cub Cadet at Reyco Marine — zero-turn mower, fast precise cut. Cub Cadet dealer, Sault Ste. Marie. Service available."
738,"ZT2 42 Zero Turn from Cub Cadet at Reyco Marine — zero-turn mower, fast precise cut. Cub Cadet dealer, Sault Ste. Marie. Service available."
445,"115 HP Pro XS Outboard from Mercury — certified Mercury dealer, Sault Ste. Marie. 4-stroke outboard for Northern Ontario boating. Reyco Marine."
397,"115 HP Pro XS Outboard from Mercury — certified Mercury dealer, Sault Ste. Marie. 4-stroke outboard for Northern Ontario boating. Reyco Marine."
528,"60 HP Outboard from Mercury — certified Mercury dealer, Sault Ste. Marie. 4-stroke outboard for Northern Ontario boating. Reyco Marine."
487,"90 HP Command Thrust Outboard from Mercury — certified Mercury dealer, Sault Ste. Marie. 4-stroke outboard for Northern Ontario boating. Reyco Marine."
383,"90 HP Command Thrust Outboard from Mercury — certified Mercury dealer, Sault Ste. Marie. 4-stroke outboard for Northern Ontario boating. Reyco Marine."
409,"25 HP EFI Outboard from Mercury — certified Mercury dealer, Sault Ste. Marie. 4-stroke outboard for Northern Ontario boating. Reyco Marine."
403,"3.5 HP Outboard from Mercury — certified Mercury dealer, Sault Ste. Marie. 4-stroke outboard for Northern Ontario boating. Reyco Marine."
411,"30 HP Electric Start EFI Outboard from Mercury — certified Mercury dealer, Sault Ste. Marie. 4-stroke outboard for Northern Ontario boating. Reyco Marine."
504,"40 HP Electric Start EFI Outboard from Mercury — certified Mercury dealer, Sault Ste. Marie. 4-stroke outboard for Northern Ontario boating. Reyco Marine."
430,"6 HP Outboard from Mercury — certified Mercury dealer, Sault Ste. Marie. 4-stroke outboard for Northern Ontario boating. Reyco Marine."
424,"6 HP Outboard from Mercury — certified Mercury dealer, Sault Ste. Marie. 4-stroke outboard for Northern Ontario boating. Reyco Marine."
366,"6 HP Outboard from Mercury — certified Mercury dealer, Sault Ste. Marie. 4-stroke outboard for Northern Ontario boating. Reyco Marine."
509,"1000 lb Bunk Trailer from Easy Hauler at Reyco Marine, Sault Ste. Marie — boat trailer for Northern Ontario. Marine dealer since 1970. Financing available."
480,"8 HP Electric Start Outboard from Mercury — certified Mercury dealer, Sault Ste. Marie. 4-stroke outboard for Northern Ontario boating. Reyco Marine."
426,"Resorter 160 from Princecraft at Reyco Marine — authorized Princecraft dealer, Sault Ste. Marie. Built for Northern Ontario lakes. Financing available."
421,"Toro GrandStand HDM Zero Turn Mower from Toro at Reyco Marine — zero-turn mower, fast precise cut. Toro dealer, Sault Ste. Marie. Service available."
531,"Boat Trailer from Easy Hauler at Reyco Marine, Sault Ste. Marie — boat trailer for Northern Ontario. Marine dealer since 1970. Financing available."
522,"1250 lb Bunk Trailer from Easy Hauler at Reyco Marine, Sault Ste. Marie — boat trailer for Northern Ontario. Marine dealer since 1970. Financing available."
550,"40 HP Outboard from Mercury — certified Mercury dealer, Sault Ste. Marie. 4-stroke outboard for Northern Ontario boating. Reyco Marine."
472,"40 HP Outboard from Mercury — certified Mercury dealer, Sault Ste. Marie. 4-stroke outboard for Northern Ontario boating. Reyco Marine."
452,"75 HP Outboard from Mercury — certified Mercury dealer, Sault Ste. Marie. 4-stroke outboard for Northern Ontario boating. Reyco Marine."
371,"5 HP Outboard from Mercury — certified Mercury dealer, Sault Ste. Marie. 4-stroke outboard for Northern Ontario boating. Reyco Marine."
406,"60 HP Electric Start Command Thrust Outboard from Mercury — certified Mercury dealer, Sault Ste. Marie. 4-stroke outboard for Northern Ontario boating...."
377,"9.9 HP Outboard from Mercury — certified Mercury dealer, Sault Ste. Marie. 4-stroke outboard for Northern Ontario boating. Reyco Marine."
456,"Amarok 166 from Princecraft at Reyco Marine — authorized Princecraft dealer, Sault Ste. Marie. Built for Northern Ontario lakes. Financing available."
429,"Toro TimeCutter Max MyRide Zero Turn Mower from Toro at Reyco Marine — zero-turn mower, fast precise cut. Toro dealer, Sault Ste. Marie. Service available."
524,"Toro Z Master Commercial Zero Turn Mower from Toro at Reyco Marine — zero-turn mower, fast precise cut. Toro dealer, Sault Ste. Marie. Service available."
1042,"XT1 LT42 from Cub Cadet at Reyco Marine — riding lawn mower for larger properties. Certified Cub Cadet dealer, Sault Ste. Marie."
469,"XT2 LX42 from Cub Cadet at Reyco Marine — riding lawn mower for larger properties. Certified Cub Cadet dealer, Sault Ste. Marie."
1058,"XT1 LT50 from Cub Cadet at Reyco Marine — riding lawn mower for larger properties. Certified Cub Cadet dealer, Sault Ste. Marie."
517,"XT2 SLX50 from Cub Cadet at Reyco Marine — riding lawn mower for larger properties. Certified Cub Cadet dealer, Sault Ste. Marie."
725,"XT1 LT46 from Cub Cadet at Reyco Marine — riding lawn mower for larger properties. Certified Cub Cadet dealer, Sault Ste. Marie."
398,"Drive-On Bunk Boat Trailer — Black Frame from Easy Hauler at Reyco Marine, Sault Ste. Marie — boat trailer for Northern Ontario. Marine dealer since 1970...."
553,"150 HP Outboard from Mercury — certified Mercury dealer, Sault Ste. Marie. 4-stroke outboard for Northern Ontario boating. Reyco Marine."
451,"Vectra 21 from Princecraft at Reyco Marine — authorized Princecraft dealer, Sault Ste. Marie. Built for Northern Ontario lakes. Financing available."
420,"Toro GrandStand Zero Turn Mower from Toro at Reyco Marine — zero-turn mower, fast precise cut. Toro dealer, Sault Ste. Marie. Service available."
730,"Toro TimeCutter MyRIDE Zero Turn Mower from Toro at Reyco Marine — zero-turn mower, fast precise cut. Toro dealer, Sault Ste. Marie. Service available."
422,"Toro Z Master TF2 Commercial Zero Turn Mower from Toro at Reyco Marine — zero-turn mower, fast precise cut. Toro dealer, Sault Ste. Marie. Service available."
268,Easi-Troll from Cannon at Reyco Marine — electric downrigger for deep-water trolling. Sault Ste. Marie fishing gear dealer.
269,Lake-Troll from Cannon at Reyco Marine — electric downrigger for deep-water trolling. Sault Ste. Marie fishing gear dealer.
263,Magnum 10 from Cannon at Reyco Marine — electric downrigger for deep-water trolling. Sault Ste. Marie fishing gear dealer.
262,Magnum 10 TS from Cannon at Reyco Marine — electric downrigger for deep-water trolling. Sault Ste. Marie fishing gear dealer.
264,Magnum 5 from Cannon at Reyco Marine — electric downrigger for deep-water trolling. Sault Ste. Marie fishing gear dealer.
270,Mini-Troll from Cannon at Reyco Marine — electric downrigger for deep-water trolling. Sault Ste. Marie fishing gear dealer.
261,Optimum Downrigger from Cannon at Reyco Marine — electric downrigger for deep-water trolling. Sault Ste. Marie fishing gear dealer.
260,Optimum TS Downrigger from Cannon at Reyco Marine — electric downrigger for deep-water trolling. Sault Ste. Marie fishing gear dealer.
266,Uni-Troll 10 from Cannon at Reyco Marine — electric downrigger for deep-water trolling. Sault Ste. Marie fishing gear dealer.
265,Uni-Troll 10 TS from Cannon at Reyco Marine — electric downrigger for deep-water trolling. Sault Ste. Marie fishing gear dealer.
267,Uni-Troll 5 from Cannon at Reyco Marine — electric downrigger for deep-water trolling. Sault Ste. Marie fishing gear dealer.
275,"Cannon downrigger accessories at Reyco Marine, Sault Ste. Marie. Uni-Stacker Release — gear up for Northern Ontario trolling season."
274,"Cannon downrigger accessories at Reyco Marine, Sault Ste. Marie. Downrigger Weight — gear up for Northern Ontario trolling season."
273,"Cannon downrigger accessories at Reyco Marine, Sault Ste. Marie. Downrigger Weight — gear up for Northern Ontario trolling season."
272,"Cannon downrigger accessories at Reyco Marine, Sault Ste. Marie. Downrigger Weight — gear up for Northern Ontario trolling season."
271,"Cannon downrigger accessories at Reyco Marine, Sault Ste. Marie. Downrigger Weight — gear up for Northern Ontario trolling season."
243,"Cub Cadet Challenger 750 MX (Hisun-Built from Cub Cadet at Reyco Marine — side-by-side UTV for Northern Ontario terrain. Authorized Cub Cadet dealer,..."
304,"25cc Gas Chainsaw from Echo at Reyco Marine — chainsaw for Northern Ontario. Certified Echo dealer, Sault Ste. Marie. Service available."
305,"25cc Gas Chainsaw (Top Handle) from Echo at Reyco Marine — chainsaw for Northern Ontario. Certified Echo dealer, Sault Ste. Marie. Service available."
306,"27cc Gas Chainsaw (Top Handle) from Echo at Reyco Marine — chainsaw for Northern Ontario. Certified Echo dealer, Sault Ste. Marie. Service available."
225,"30cc Gas Chainsaw from Echo at Reyco Marine — chainsaw for Northern Ontario. Certified Echo dealer, Sault Ste. Marie. Service available."
307,"35cc Gas Chainsaw from Echo at Reyco Marine — chainsaw for Northern Ontario. Certified Echo dealer, Sault Ste. Marie. Service available."
226,"35cc Gas Chainsaw from Echo at Reyco Marine — chainsaw for Northern Ontario. Certified Echo dealer, Sault Ste. Marie. Service available."
308,"35cc Gas Chainsaw (Top Handle) from Echo at Reyco Marine — chainsaw for Northern Ontario. Certified Echo dealer, Sault Ste. Marie. Service available."
309,"36cc Gas Chainsaw from Echo at Reyco Marine — chainsaw for Northern Ontario. Certified Echo dealer, Sault Ste. Marie. Service available."
310,"37cc Gas Chainsaw (Front Handle) from Echo at Reyco Marine — chainsaw for Northern Ontario. Certified Echo dealer, Sault Ste. Marie. Service available."
311,"45cc Gas Chainsaw from Echo at Reyco Marine — chainsaw for Northern Ontario. Certified Echo dealer, Sault Ste. Marie. Service available."
314,"50cc Gas Chainsaw from Echo at Reyco Marine — chainsaw for Northern Ontario. Certified Echo dealer, Sault Ste. Marie. Service available."
312,"50cc Gas Chainsaw from Echo at Reyco Marine — chainsaw for Northern Ontario. Certified Echo dealer, Sault Ste. Marie. Service available."
313,"49cc Gas Chainsaw from Echo at Reyco Marine — chainsaw for Northern Ontario. Certified Echo dealer, Sault Ste. Marie. Service available."
224,"59cc Gas Chainsaw from Echo at Reyco Marine — chainsaw for Northern Ontario. Certified Echo dealer, Sault Ste. Marie. Service available."
315,"62cc Gas Chainsaw from Echo at Reyco Marine — chainsaw for Northern Ontario. Certified Echo dealer, Sault Ste. Marie. Service available."
227,"68cc Gas Chainsaw from Echo at Reyco Marine — chainsaw for Northern Ontario. Certified Echo dealer, Sault Ste. Marie. Service available."
316,"73cc Gas Chainsaw from Echo at Reyco Marine — chainsaw for Northern Ontario. Certified Echo dealer, Sault Ste. Marie. Service available."
346,"Cordless Gas Chainsaw from Echo at Reyco Marine — chainsaw for Northern Ontario. Certified Echo dealer, Sault Ste. Marie. Service available."
347,"Cordless Power Tool from Echo at Reyco Marine — professional-grade cut-off saws. Echo dealer, Sault Ste. Marie. Service available."
351,"Battery Chainsaw (Top Handle) from Echo at Reyco Marine — chainsaw for Northern Ontario. Certified Echo dealer, Sault Ste. Marie. Service available."
233,"Battery Chainsaw from Echo at Reyco Marine — chainsaw for Northern Ontario. Certified Echo dealer, Sault Ste. Marie. Service available."
352,"Battery Hedge Trimmer from Echo at Reyco Marine — precision hedge trimmer. Certified Echo dealer, Sault Ste. Marie. Service available."
354,"Battery Self-Propelled Lawn Mower from Echo at Reyco Marine — reliable walk-behind mower. Certified Echo dealer, Sault Ste. Marie. Service available."
353,"Battery Self-Propelled Lawn Mower from Echo at Reyco Marine — reliable walk-behind mower. Certified Echo dealer, Sault Ste. Marie. Service available."
356,"Battery Power Attachment System from Echo at Reyco Marine — versatile multi-tool power system. Certified Echo dealer, Sault Ste. Marie. Service available."
355,"Battery Power Attachment System from Echo at Reyco Marine — versatile multi-tool power system. Certified Echo dealer, Sault Ste. Marie. Service available."
357,"Battery Backpack Blower from Echo at Reyco Marine — powerful blower for Northern Ontario seasons. Echo dealer, Sault Ste. Marie. Service available."
358,"Battery Backpack Blower (Low Emission) from Echo at Reyco Marine — powerful blower for Northern Ontario seasons. Echo dealer, Sault Ste. Marie. Service..."
361,"Battery String Trimmer from Echo at Reyco Marine — commercial-grade string trimmer. Echo dealer, Sault Ste. Marie. Service available."
360,"Battery String Trimmer from Echo at Reyco Marine — commercial-grade string trimmer. Echo dealer, Sault Ste. Marie. Service available."
359,"Battery String Trimmer from Echo at Reyco Marine — commercial-grade string trimmer. Echo dealer, Sault Ste. Marie. Service available."
317,"Gas Edger from Echo at Reyco Marine — powerful blower for Northern Ontario seasons. Echo dealer, Sault Ste. Marie. Service available."
325,"22cc Gas Grass Trimmer from Echo at Reyco Marine — commercial-grade string trimmer. Echo dealer, Sault Ste. Marie. Service available."
334,"Gas Hedge Trimmer from Echo at Reyco Marine — precision hedge trimmer. Certified Echo dealer, Sault Ste. Marie. Service available."
333,"Gas Hedge Trimmer from Echo at Reyco Marine — precision hedge trimmer. Certified Echo dealer, Sault Ste. Marie. Service available."
332,"Gas Hedge Trimmer from Echo at Reyco Marine — precision hedge trimmer. Certified Echo dealer, Sault Ste. Marie. Service available."
232,"Gas Hedge Trimmer from Echo at Reyco Marine — precision hedge trimmer. Certified Echo dealer, Sault Ste. Marie. Service available."
336,"Hedge Trimmer Power Attachment from Echo at Reyco Marine — precision hedge trimmer. Certified Echo dealer, Sault Ste. Marie. Service available."
335,"Hedge Trimmer Power Attachment from Echo at Reyco Marine — precision hedge trimmer. Certified Echo dealer, Sault Ste. Marie. Service available."
349,"22cc Gas Power Attachment System from Echo at Reyco Marine — versatile multi-tool power system. Certified Echo dealer, Sault Ste. Marie. Service available."
350,"Gas Power Attachment System from Echo at Reyco Marine — versatile multi-tool power system. Certified Echo dealer, Sault Ste. Marie. Service available."
324,"Gas Backpack Blower from Echo at Reyco Marine — powerful blower for Northern Ontario seasons. Echo dealer, Sault Ste. Marie. Service available."
323,"Gas Backpack Blower from Echo at Reyco Marine — powerful blower for Northern Ontario seasons. Echo dealer, Sault Ste. Marie. Service available."
320,"Gas Backpack Blower from Echo at Reyco Marine — powerful blower for Northern Ontario seasons. Echo dealer, Sault Ste. Marie. Service available."
318,"Gas Backpack Blower from Echo at Reyco Marine — powerful blower for Northern Ontario seasons. Echo dealer, Sault Ste. Marie. Service available."
230,"Gas Backpack Blower from Echo at Reyco Marine — powerful blower for Northern Ontario seasons. Echo dealer, Sault Ste. Marie. Service available."
229,"Gas Backpack Blower from Echo at Reyco Marine — powerful blower for Northern Ontario seasons. Echo dealer, Sault Ste. Marie. Service available."
228,"Gas Backpack Blower from Echo at Reyco Marine — powerful blower for Northern Ontario seasons. Echo dealer, Sault Ste. Marie. Service available."
322,"Gas Backpack Blower (Low Noise) from Echo at Reyco Marine — powerful blower for Northern Ontario seasons. Echo dealer, Sault Ste. Marie. Service available."
321,"Gas Backpack Blower (Low Noise) from Echo at Reyco Marine — powerful blower for Northern Ontario seasons. Echo dealer, Sault Ste. Marie. Service available."
319,"Gas Backpack Blower (Low Noise) from Echo at Reyco Marine — powerful blower for Northern Ontario seasons. Echo dealer, Sault Ste. Marie. Service available."
348,"Gas Pole Pruner from Echo at Reyco Marine — professional-grade edgers. Echo dealer, Sault Ste. Marie. Service available."
342,"3100 PSI Gas Pressure Washer from Echo at Reyco Marine — gas-powered pressure washer for boats and property. Echo dealer, Sault Ste. Marie."
343,"3200 PSI Gas Pressure Washer from Echo at Reyco Marine — gas-powered pressure washer for boats and property. Echo dealer, Sault Ste. Marie."
344,"3600 PSI Gas Pressure Washer from Echo at Reyco Marine — gas-powered pressure washer for boats and property. Echo dealer, Sault Ste. Marie."
345,"4200 PSI Gas Pressure Washer from Echo at Reyco Marine — gas-powered pressure washer for boats and property. Echo dealer, Sault Ste. Marie."
341,"1800 PSI Electric Pressure Washer from Echo at Reyco Marine — gas-powered pressure washer for boats and property. Echo dealer, Sault Ste. Marie."
338,"22cc Gas Shaft Hedge Trimmer from Echo at Reyco Marine — precision hedge trimmer. Certified Echo dealer, Sault Ste. Marie. Service available."
337,"22cc Gas Shaft Hedge Trimmer from Echo at Reyco Marine — precision hedge trimmer. Certified Echo dealer, Sault Ste. Marie. Service available."
340,"Gas Shaft Hedge Trimmer from Echo at Reyco Marine — precision hedge trimmer. Certified Echo dealer, Sault Ste. Marie. Service available."
339,"Gas Shaft Hedge Trimmer from Echo at Reyco Marine — precision hedge trimmer. Certified Echo dealer, Sault Ste. Marie. Service available."
231,"22cc Gas String Trimmer from Echo at Reyco Marine — commercial-grade string trimmer. Echo dealer, Sault Ste. Marie. Service available."
331,"Gas String Trimmer from Echo at Reyco Marine — commercial-grade string trimmer. Echo dealer, Sault Ste. Marie. Service available."
330,"Gas String Trimmer from Echo at Reyco Marine — commercial-grade string trimmer. Echo dealer, Sault Ste. Marie. Service available."
329,"Gas String Trimmer from Echo at Reyco Marine — commercial-grade string trimmer. Echo dealer, Sault Ste. Marie. Service available."
327,"Gas String Trimmer from Echo at Reyco Marine — commercial-grade string trimmer. Echo dealer, Sault Ste. Marie. Service available."
326,"Gas String Trimmer from Echo at Reyco Marine — commercial-grade string trimmer. Echo dealer, Sault Ste. Marie. Service available."
328,"26cc Gas String Trimmer from Echo at Reyco Marine — commercial-grade string trimmer. Echo dealer, Sault Ste. Marie. Service available."
277,"APEX 13 MEGA SI+ Chartplotter from Humminbird at Reyco Marine — certified Humminbird dealer, Sault Ste. Marie. Marine electronics for Northern Ontario lakes."
276,"APEX 13 MEGA SI+ Chartplotter from Humminbird at Reyco Marine — certified Humminbird dealer, Sault Ste. Marie. Marine electronics for Northern Ontario lakes."
279,"APEX 16 MEGA SI+ Chartplotter from Humminbird at Reyco Marine — certified Humminbird dealer, Sault Ste. Marie. Marine electronics for Northern Ontario lakes."
278,"APEX 16 MEGA SI+ Chartplotter from Humminbird at Reyco Marine — certified Humminbird dealer, Sault Ste. Marie. Marine electronics for Northern Ontario lakes."
281,"APEX 19 MEGA SI+ Chartplotter from Humminbird at Reyco Marine — certified Humminbird dealer, Sault Ste. Marie. Marine electronics for Northern Ontario lakes."
280,"APEX 19 MEGA SI+ Chartplotter from Humminbird at Reyco Marine — certified Humminbird dealer, Sault Ste. Marie. Marine electronics for Northern Ontario lakes."
284,"Humminbird ICE MEGA Live 2 Compact Pole-Mount at Reyco Marine, Sault Ste. Marie — electronics and accessories for Northern Ontario fishing."
285,"Humminbird ICE MEGA Live 2 Power Cable at Reyco Marine, Sault Ste. Marie — electronics and accessories for Northern Ontario fishing."
286,"Humminbird ICE MEGA Live 2 SAE Power Cable at Reyco Marine, Sault Ste. Marie — electronics and accessories for Northern Ontario fishing."
282,"Humminbird MEGA Live 2 Forward-Facing Sonar at Reyco Marine, Sault Ste. Marie — electronics and accessories for Northern Ontario fishing."
283,"Humminbird MEGA Live 2 Transom-Mount Sonar at Reyco Marine, Sault Ste. Marie — electronics and accessories for Northern Ontario fishing."
288,"Humminbird ICE XPLORE Shuttle Conversion Kit at Reyco Marine, Sault Ste. Marie — electronics and accessories for Northern Ontario fishing."
287,"Humminbird ICE XPLORE Power Cable at Reyco Marine, Sault Ste. Marie — electronics and accessories for Northern Ontario fishing."
223,"ACE NV from Hisun at Reyco Marine — electric golf cart for recreation and property. Hisun dealer, Sault Ste. Marie."
221,"Forge 400i from Hisun at Reyco Marine — ATV for Northern Ontario trails. Authorized Hisun dealer, Sault Ste. Marie."
234,"GUARDIAN Utility ATV from Hisun at Reyco Marine — ATV for Northern Ontario trails. Authorized Hisun dealer, Sault Ste. Marie."
236,"HS 400 Entry ATV from Hisun at Reyco Marine — ATV for Northern Ontario trails. Authorized Hisun dealer, Sault Ste. Marie."
220,"HS 500 from Hisun at Reyco Marine — ATV for Northern Ontario trails. Authorized Hisun dealer, Sault Ste. Marie."
219,"Hisun MP9 550cc Sport UTV from Hisun at Reyco Marine — side-by-side UTV for Northern Ontario terrain. Authorized Hisun dealer, Sault Ste. Marie."
241,"Hisun MP9 750cc Sport UTV from Hisun at Reyco Marine — side-by-side UTV for Northern Ontario terrain. Authorized Hisun dealer, Sault Ste. Marie."
242,"Hisun MP9 400cc Entry Sport UTV from Hisun at Reyco Marine — side-by-side UTV for Northern Ontario terrain. Authorized Hisun dealer, Sault Ste. Marie."
222,"Sector E1 from Hisun at Reyco Marine — side-by-side UTV for Northern Ontario terrain. Authorized Hisun dealer, Sault Ste. Marie."
237,"Sector 250 Compact Utility UTV from Hisun at Reyco Marine — side-by-side UTV for Northern Ontario terrain. Authorized Hisun dealer, Sault Ste. Marie."
216,"Hisun Sector 550cc Utility UTV with Power Steering at Reyco Marine — side-by-side UTV for Northern Ontario terrain. Authorized Hisun dealer, Sault Ste. Marie."
217,"Sector 750 Crew from Hisun at Reyco Marine — side-by-side UTV for Northern Ontario terrain. Authorized Hisun dealer, Sault Ste. Marie."
238,"Hisun Sector 750cc Utility UTV with Power Steering at Reyco Marine — side-by-side UTV for Northern Ontario terrain. Authorized Hisun dealer, Sault Ste. Marie."
214,"Strike 250R from Hisun at Reyco Marine — side-by-side UTV for Northern Ontario terrain. Authorized Hisun dealer, Sault Ste. Marie."
215,"Strike 550R from Hisun at Reyco Marine — side-by-side UTV for Northern Ontario terrain. Authorized Hisun dealer, Sault Ste. Marie."
239,"Stryker 550X Sport from Hisun at Reyco Marine — side-by-side UTV for Northern Ontario terrain. Authorized Hisun dealer, Sault Ste. Marie."
240,"Hisun Stryker 750 Crew (4-Seat Sport) from Hisun at Reyco Marine — side-by-side UTV for Northern Ontario terrain. Authorized Hisun dealer, Sault Ste. Marie."
218,"Stryker 750X from Hisun at Reyco Marine — side-by-side UTV for Northern Ontario terrain. Authorized Hisun dealer, Sault Ste. Marie."
235,"Tactic Utility ATV from Hisun at Reyco Marine — ATV for Northern Ontario trails. Authorized Hisun dealer, Sault Ste. Marie."
207,"Terrova 80 from Minn Kota at Reyco Marine, Sault Ste. Marie — electric trolling motor for Northern Ontario anglers. Certified Minn Kota dealer."
259,"Battery Charger Extension Cable MK-EC-15 from Minn Kota at Reyco Marine — certified Minn Kota dealer, Sault Ste. Marie. Marine electronics for Northern..."
252,"Kayak Terrova 55 lb from Minn Kota at Reyco Marine — compact electric motor for kayaks. Certified Minn Kota dealer, Sault Ste. Marie."
254,"Precision Charger MK 230 PCL from Minn Kota at Reyco Marine — certified Minn Kota dealer, Sault Ste. Marie. Marine electronics for Northern Ontario lakes."
255,"Precision Charger MK 330 PC from Minn Kota at Reyco Marine — certified Minn Kota dealer, Sault Ste. Marie. Marine electronics for Northern Ontario lakes."
256,"Precision Charger MK 345 PCL from Minn Kota at Reyco Marine — certified Minn Kota dealer, Sault Ste. Marie. Marine electronics for Northern Ontario lakes."
257,"Precision Charger MK 460 PCL from Minn Kota at Reyco Marine — certified Minn Kota dealer, Sault Ste. Marie. Marine electronics for Northern Ontario lakes."
258,"Remote Power Switch MKR-30 from Minn Kota at Reyco Marine — certified Minn Kota dealer, Sault Ste. Marie. Marine electronics for Northern Ontario lakes."
250,"Riptide Terrova 112 lb from Minn Kota at Reyco Marine, Sault Ste. Marie — electric trolling motor for Northern Ontario anglers. Certified Minn Kota dealer."
251,"Riptide Terrova 80 lb Refurb from Minn Kota at Reyco Marine, Sault Ste. Marie — electric trolling motor for Northern Ontario anglers. Certified Minn Kota..."
253,"Riptide Kayak Terrova 55 lb from Minn Kota at Reyco Marine — compact electric motor for kayaks. Certified Minn Kota dealer, Sault Ste. Marie."
249,"Riptide Terrova QUEST 90/115 from Minn Kota at Reyco Marine, Sault Ste. Marie — electric trolling motor for Northern Ontario anglers. Certified Minn Kota..."
248,"Riptide Terrova QUEST 90/115 from Minn Kota at Reyco Marine, Sault Ste. Marie — electric trolling motor for Northern Ontario anglers. Certified Minn Kota..."
247,"Riptide Terrova QUEST 90/115 from Minn Kota at Reyco Marine, Sault Ste. Marie — electric trolling motor for Northern Ontario anglers. Certified Minn Kota..."
245,"Ultrex 80 lb from Minn Kota at Reyco Marine, Sault Ste. Marie — electric trolling motor for Northern Ontario anglers. Certified Minn Kota dealer."
244,"Ultrex 80 lb from Minn Kota at Reyco Marine, Sault Ste. Marie — electric trolling motor for Northern Ontario anglers. Certified Minn Kota dealer."
246,"Ultrex QUEST 90/115 lb from Minn Kota at Reyco Marine, Sault Ste. Marie — electric trolling motor for Northern Ontario anglers. Certified Minn Kota dealer."
303,"Wave Armor Otter Swim Raft 8'x10' at Reyco Marine, Sault Ste. Marie — waterfront accessories for Northern Ontario."
301,"Wave Armor Personal Watercraft Wave Port at Reyco Marine, Sault Ste. Marie — waterfront accessories for Northern Ontario."
