type,id,title,slug,url,status_code,redirect_target,response_size_bytes,notes
page,1051,Meet the Team,meet-the-team,https://reyco.glvmarketing.ca/about/meet-the-team/,,,,
page,1050,ATV / UTV Repair,atv-utv-repair,https://reyco.glvmarketing.ca/service/atv-utv-repair/,,,,
page,570,Troy-Bilt,troy-bilt,https://reyco.glvmarketing.ca/lawn-and-garden/troy-bilt/,,,,
page,569,E-Z-GO Golf Carts,easy-go,https://reyco.glvmarketing.ca/powersports/easy-go/,,,,
page,201,Cannon Downriggers,cannon,https://reyco.glvmarketing.ca/boats-and-marine/cannon/,,,,
page,200,Minn Kota Trolling Motors,minnkota,https://reyco.glvmarketing.ca/boats-and-marine/minnkota/,,,,
page,199,Apply for Financing,apply,https://reyco.glvmarketing.ca/financing/apply/,,,,
page,198,Cordless Mowers,cordless-mowers,https://reyco.glvmarketing.ca/lawn-and-garden/cordless-mowers/,,,,
page,197,Cordless Blowers,cordless-blowers,https://reyco.glvmarketing.ca/lawn-and-garden/cordless-blowers/,,,,
page,196,Cordless Trimmers,cordless-trimmers,https://reyco.glvmarketing.ca/lawn-and-garden/cordless-trimmers/,,,,
page,195,Cordless Chainsaws,cordless-chainsaws,https://reyco.glvmarketing.ca/lawn-and-garden/cordless-chainsaws/,,,,
page,194,Echo 56V Cordless System,cordless-56v,https://reyco.glvmarketing.ca/lawn-and-garden/cordless-56v/,,,,
page,193,Pro Attachment Series (PAS),pro-attachment-series,https://reyco.glvmarketing.ca/lawn-and-garden/pro-attachment-series/,,,,
page,192,Edgers,edgers,https://reyco.glvmarketing.ca/lawn-and-garden/edgers/,,,,
page,191,Power Pruners,power-pruners,https://reyco.glvmarketing.ca/lawn-and-garden/power-pruners/,,,,
page,190,Pressure Washers,pressure-washers,https://reyco.glvmarketing.ca/lawn-and-garden/pressure-washers/,,,,
page,189,Gas Blowers,blowers,https://reyco.glvmarketing.ca/lawn-and-garden/blowers/,,,,
page,188,Hedge Trimmers,hedge-trimmers,https://reyco.glvmarketing.ca/lawn-and-garden/hedge-trimmers/,,,,
page,187,Echo,echo,https://reyco.glvmarketing.ca/lawn-and-garden/echo/,,,,
page,186,Wave Armor,wave-armor,https://reyco.glvmarketing.ca/docks-and-lifts/wave-armor/,,,,
page,185,Dock Hardware &amp; Accessories,hardware-accessories,https://reyco.glvmarketing.ca/docks-and-lifts/hardware-accessories/,,,,
page,184,Marine Railways,marine-railways,https://reyco.glvmarketing.ca/docks-and-lifts/marine-railways/,,,,
page,183,PWC Lifts,pwc-lifts,https://reyco.glvmarketing.ca/docks-and-lifts/pwc-lifts/,,,,
page,182,Boat Lifts,boat-lifts,https://reyco.glvmarketing.ca/docks-and-lifts/boat-lifts/,,,,
page,181,Docks,docks,https://reyco.glvmarketing.ca/docks-and-lifts/docks/,,,,
page,180,R&amp;J Machine,r-j-machine,https://reyco.glvmarketing.ca/docks-and-lifts/r-j-machine/,,,,
page,179,Docks and Lifts,docks-and-lifts,https://reyco.glvmarketing.ca/docks-and-lifts/,,,,
page,178,Cub Cadet UTVs,cub-cadet-utv,https://reyco.glvmarketing.ca/powersports/cub-cadet-utv/,,,,
page,177,HS Series,hs-series,https://reyco.glvmarketing.ca/powersports/hs-series/,,,,
page,176,MP9 Series,mp9,https://reyco.glvmarketing.ca/powersports/mp9/,,,,
page,175,Sector Series,sector,https://reyco.glvmarketing.ca/powersports/sector/,,,,
page,174,Stryker Series,stryker,https://reyco.glvmarketing.ca/powersports/stryker/,,,,
page,173,Strike Series,strike,https://reyco.glvmarketing.ca/powersports/strike/,,,,
page,172,Golf Carts,golf-carts,https://reyco.glvmarketing.ca/powersports/golf-carts/,,,,
page,171,Electric UTVs,electric,https://reyco.glvmarketing.ca/powersports/electric/,,,,
page,170,ATVs,atvs,https://reyco.glvmarketing.ca/powersports/atvs/,,,,
page,169,Youth UTVs,youth,https://reyco.glvmarketing.ca/powersports/youth/,,,,
page,168,Crew &amp; 4-Seat UTVs,crew,https://reyco.glvmarketing.ca/powersports/crew/,,,,
page,167,Utility UTVs,utility,https://reyco.glvmarketing.ca/powersports/utility/,,,,
page,166,Sport UTVs,sport,https://reyco.glvmarketing.ca/powersports/sport/,,,,
page,165,Hisun,hisun,https://reyco.glvmarketing.ca/powersports/hisun/,,,,
page,164,Powersports,powersports,https://reyco.glvmarketing.ca/powersports/,,,,
page,163,Cannon Downriggers,cannon-catalogue,https://reyco.glvmarketing.ca/boats-and-marine/cannon-catalogue/,,,,
page,162,Minn Kota Trolling Motors,minnkota-catalogue,https://reyco.glvmarketing.ca/boats-and-marine/minnkota-catalogue/,,,,
page,158,Terms of Service,terms,https://reyco.glvmarketing.ca/terms/,,,,
page,157,Privacy Policy,privacy,https://reyco.glvmarketing.ca/privacy/,,,,
page,57,Shear Pins,shear-pins,https://reyco.glvmarketing.ca/snow-equipment/shear-pins/,,,,
page,56,Skid Shoes,skid-shoes,https://reyco.glvmarketing.ca/snow-equipment/skid-shoes/,,,,
page,55,Snow Plows,snow-plows,https://reyco.glvmarketing.ca/snow-equipment/snow-plows/,,,,
page,54,Three-Stage Snowblowers,three-stage,https://reyco.glvmarketing.ca/snow-equipment/three-stage/,,,,
page,53,Two-Stage Snowblowers,two-stage,https://reyco.glvmarketing.ca/snow-equipment/two-stage/,,,,
page,52,Single-Stage Snowblowers,single-stage,https://reyco.glvmarketing.ca/snow-equipment/single-stage/,,,,
page,51,Toro Snow,toro,https://reyco.glvmarketing.ca/snow-equipment/toro/,,,,
page,50,Cub Cadet Snow,cub-cadet,https://reyco.glvmarketing.ca/snow-equipment/cub-cadet/,,,,
page,49,Snow Equipment,snow-equipment,https://reyco.glvmarketing.ca/snow-equipment/,,,,
page,48,Belts,belts,https://reyco.glvmarketing.ca/lawn-and-garden/belts/,,,,
page,47,Filters,filters,https://reyco.glvmarketing.ca/lawn-and-garden/filters/,,,,
page,46,Blades,blades,https://reyco.glvmarketing.ca/lawn-and-garden/blades/,,,,
page,45,Chainsaws,chainsaws,https://reyco.glvmarketing.ca/lawn-and-garden/chainsaws/,,,,
page,44,Trimmers,trimmers,https://reyco.glvmarketing.ca/lawn-and-garden/trimmers/,,,,
page,43,Zero-Turn Mowers,zero-turn,https://reyco.glvmarketing.ca/lawn-and-garden/zero-turn/,,,,
page,42,Push Mowers,push-mowers,https://reyco.glvmarketing.ca/lawn-and-garden/push-mowers/,,,,
page,41,Riding Mowers,riding-mowers,https://reyco.glvmarketing.ca/lawn-and-garden/riding-mowers/,,,,
page,40,STIHL,stihl,https://reyco.glvmarketing.ca/lawn-and-garden/stihl/,,,,
page,39,Toro,toro,https://reyco.glvmarketing.ca/lawn-and-garden/toro/,,,,
page,38,Cub Cadet,cub-cadet,https://reyco.glvmarketing.ca/lawn-and-garden/cub-cadet/,,,,
page,37,Lawn and Garden,lawn-and-garden,https://reyco.glvmarketing.ca/lawn-and-garden/,,,,
page,36,Fish Finders,fish-finders,https://reyco.glvmarketing.ca/boats-and-marine/fish-finders/,,,,
page,35,Humminbird Electronics,humminbird,https://reyco.glvmarketing.ca/boats-and-marine/humminbird/,,,,
page,34,Trolling Motors,trolling-motors,https://reyco.glvmarketing.ca/boats-and-marine/trolling-motors/,,,,
page,33,Outboard Motors,outboard-motors,https://reyco.glvmarketing.ca/boats-and-marine/outboard-motors/,,,,
page,32,Mercury Outboards,mercury,https://reyco.glvmarketing.ca/boats-and-marine/mercury/,,,,
page,31,Deck Boats,deck-boats,https://reyco.glvmarketing.ca/boats-and-marine/deck-boats/,,,,
page,30,Pontoons,pontoons,https://reyco.glvmarketing.ca/boats-and-marine/pontoons/,,,,
page,29,Fishing Boats,fishing-boats,https://reyco.glvmarketing.ca/boats-and-marine/fishing-boats/,,,,
page,28,Princecraft Boats,princecraft,https://reyco.glvmarketing.ca/boats-and-marine/princecraft/,,,,
page,27,Boats and Marine,boats-and-marine,https://reyco.glvmarketing.ca/boats-and-marine/,,,,
page,26,Blog,blog,https://reyco.glvmarketing.ca/blog/,,,,
page,25,Inventory,inventory,https://reyco.glvmarketing.ca/inventory/,,,,
page,24,Financing,financing,https://reyco.glvmarketing.ca/financing/,,,,
page,23,Warranty Claims,warranty,https://reyco.glvmarketing.ca/service/warranty/,,,,
page,22,Order Parts,order-parts,https://reyco.glvmarketing.ca/service/order-parts/,,,,
page,21,Snow Equipment Service,snow-equipment,https://reyco.glvmarketing.ca/service/snow-equipment/,,,,
page,20,Lawn Equipment Service,lawn-equipment,https://reyco.glvmarketing.ca/service/lawn-equipment/,,,,
page,19,Small Engine Repair,small-engine,https://reyco.glvmarketing.ca/service/small-engine/,,,,
page,18,Marine Service,marine,https://reyco.glvmarketing.ca/service/marine/,,,,
page,17,Tune-Ups,tune-ups,https://reyco.glvmarketing.ca/service/tune-ups/,,,,
page,16,Spring Commissioning,spring-commissioning,https://reyco.glvmarketing.ca/service/spring-commissioning/,,,,
page,15,Winterization,winterization,https://reyco.glvmarketing.ca/service/winterization/,,,,
page,14,Engine Repair,engine-repair,https://reyco.glvmarketing.ca/service/engine-repair/,,,,
page,13,Service & Parts,service,https://reyco.glvmarketing.ca/service/,,,,
page,12,Contact,contact,https://reyco.glvmarketing.ca/contact/,,,,
page,11,About Us,about,https://reyco.glvmarketing.ca/about/,,,,
page,156,Home,home,https://reyco.glvmarketing.ca/,,,,
page,8,My account,my-account,https://reyco.glvmarketing.ca/my-account/,,,,
page,7,Checkout,checkout,https://reyco.glvmarketing.ca/checkout/,,,,
page,6,Cart,cart,https://reyco.glvmarketing.ca/cart/,,,,
page,5,Shop,shop,https://reyco.glvmarketing.ca/shop/,,,,
post,568,Princecraft Fishing Boats for Northern Ontario: What Makes Them the Right Choice,princecraft-fishing-boats-northern-ontario,https://reyco.glvmarketing.ca/princecraft-fishing-boats-northern-ontario/,,,,
post,567,How to Choose the Right Mercury Outboard for Northern Ontario,choosing-mercury-outboard-northern-ontario,https://reyco.glvmarketing.ca/choosing-mercury-outboard-northern-ontario/,,,,
post,566,Golf Carts for Cottage Country: What to Know Before You Buy in Northern Ontario,golf-carts-cottage-country-northern-ontario-ez-go,https://reyco.glvmarketing.ca/golf-carts-cottage-country-northern-ontario-ez-go/,,,,
post,565,How to Choose the Right Boat Trailer for Northern Ontario,best-boat-trailer-northern-ontario-easy-hauler,https://reyco.glvmarketing.ca/best-boat-trailer-northern-ontario-easy-hauler/,,,,
post,564,Troy-Bilt Outdoor Power Equipment for Northern Ontario Properties,troy-bilt-outdoor-power-equipment-northern-ontario,https://reyco.glvmarketing.ca/troy-bilt-outdoor-power-equipment-northern-ontario/,,,,
post,116,How to Store Your Mower So It Actually Starts in May (I See This Go Wrong Every Year),how-to-store-your-mower-so-it-actually-starts-in-may-i-see-this-go-wrong-every-year-2,https://reyco.glvmarketing.ca/how-to-store-your-mower-so-it-actually-starts-in-may-i-see-this-go-wrong-every-year-2/,,,,
post,115,How to Store Your Mower So It Actually Starts in May (I See This Go Wrong Every Year),how-to-store-your-mower-so-it-actually-starts-in-may-i-see-this-go-wrong-every-year,https://reyco.glvmarketing.ca/how-to-store-your-mower-so-it-actually-starts-in-may-i-see-this-go-wrong-every-year/,,,,
post,114,Twenty Years Behind the NAPA Counter Taught Me Everything,twenty-years-behind-the-napa-counter-taught-me-everything-2,https://reyco.glvmarketing.ca/twenty-years-behind-the-napa-counter-taught-me-everything-2/,,,,
post,113,Twenty Years Behind the NAPA Counter Taught Me Everything,twenty-years-behind-the-napa-counter-taught-me-everything,https://reyco.glvmarketing.ca/twenty-years-behind-the-napa-counter-taught-me-everything/,,,,
post,112,Opening Weekend Is Basically Christmas for Me - Here Is How I Prep My Boat,opening-weekend-is-basically-christmas-for-me-here-is-how-i-prep-my-boat,https://reyco.glvmarketing.ca/opening-weekend-is-basically-christmas-for-me-here-is-how-i-prep-my-boat/,,,,
post,111,What You Actually Need for a Northern Ontario Cottage (From the Guys Who Sell All of It),what-you-actually-need-for-a-northern-ontario-cottage-from-the-guys-who-sell-all-of-it,https://reyco.glvmarketing.ca/what-you-actually-need-for-a-northern-ontario-cottage-from-the-guys-who-sell-all-of-it/,,,,
post,110,My Favourite Walleye Spots Within an Hour of the Sault,my-favourite-walleye-spots-within-an-hour-of-the-sault,https://reyco.glvmarketing.ca/my-favourite-walleye-spots-within-an-hour-of-the-sault/,,,,
post,109,"Every Boat Launch Near the Sault, Ranked by a Guy Who Has Used Them All",every-boat-launch-near-the-sault-ranked-by-a-guy-who-has-used-them-all,https://reyco.glvmarketing.ca/every-boat-launch-near-the-sault-ranked-by-a-guy-who-has-used-them-all/,,,,
post,108,What Nobody Tells You Before You Buy Your First Boat,what-nobody-tells-you-before-you-buy-your-first-boat,https://reyco.glvmarketing.ca/what-nobody-tells-you-before-you-buy-your-first-boat/,,,,
post,107,Why I Bet Everything on a Marine Dealership in 2023,why-i-bet-everything-on-a-marine-dealership-in-2023,https://reyco.glvmarketing.ca/why-i-bet-everything-on-a-marine-dealership-in-2023/,,,,
post,106,We Sponsored the Pike Derby Again and It Was the Best One Yet,we-sponsored-the-pike-derby-again-and-it-was-the-best-one-yet-2,https://reyco.glvmarketing.ca/we-sponsored-the-pike-derby-again-and-it-was-the-best-one-yet-2/,,,,
post,105,We Sponsored the Pike Derby Again and It Was the Best One Yet,we-sponsored-the-pike-derby-again-and-it-was-the-best-one-yet,https://reyco.glvmarketing.ca/we-sponsored-the-pike-derby-again-and-it-was-the-best-one-yet/,,,,
post,104,We Are Bringing the Whole Fleet to the 2026 Sault Boat Show,we-are-bringing-the-whole-fleet-to-the-2026-sault-boat-show-2,https://reyco.glvmarketing.ca/we-are-bringing-the-whole-fleet-to-the-2026-sault-boat-show-2/,,,,
post,103,We Are Bringing the Whole Fleet to the 2026 Sault Boat Show,we-are-bringing-the-whole-fleet-to-the-2026-sault-boat-show,https://reyco.glvmarketing.ca/we-are-bringing-the-whole-fleet-to-the-2026-sault-boat-show/,,,,
post,102,Riding Mower or Zero-Turn? Here Is What I Tell People,riding-mower-or-zero-turn-here-is-what-i-tell-people,https://reyco.glvmarketing.ca/riding-mower-or-zero-turn-here-is-what-i-tell-people/,,,,
post,101,My Spring Lawn Routine After 15 Years in Northern Ontario,my-spring-lawn-routine-after-15-years-in-northern-ontario,https://reyco.glvmarketing.ca/my-spring-lawn-routine-after-15-years-in-northern-ontario/,,,,
post,100,My Pre-Season Snowblower Checklist (Do This Before the First Dump),preparing-snowblower-for-winter,https://reyco.glvmarketing.ca/preparing-snowblower-for-winter/,,,,
post,99,How I Help Customers Pick the Right Horsepower (and Why More Is Not Always Better),choosing-right-horsepower,https://reyco.glvmarketing.ca/choosing-right-horsepower/,,,,
post,98,Hey Landscapers — Your Equipment Might Be More Tax Deductible Than You Think,equipment-financing-tax-benefits,https://reyco.glvmarketing.ca/equipment-financing-tax-benefits/,,,,
post,97,I Did the Math — You Can Own a Boat for Less Than Your Truck Payment,boat-less-than-truck-payment,https://reyco.glvmarketing.ca/boat-less-than-truck-payment/,,,,
post,96,I Have Sold Both for Years — Here Is My Honest Take on Cub Cadet vs Toro,cub-cadet-vs-toro,https://reyco.glvmarketing.ca/cub-cadet-vs-toro/,,,,
post,95,What I Tell Every Customer Choosing Between Two-Stage and Three-Stage Snowblowers,two-stage-vs-three-stage-snowblower,https://reyco.glvmarketing.ca/two-stage-vs-three-stage-snowblower/,,,,
post,94,Why I Stopped Recommending Canadian Tire for Outdoor Power Equipment,dealer-vs-canadian-tire,https://reyco.glvmarketing.ca/dealer-vs-canadian-tire/,,,,
post,93,How We Winterize Up Here (And Why Cutting Corners Costs Thousands),winterization-guide,https://reyco.glvmarketing.ca/winterization-guide/,,,,
post,92,My Spring Commissioning Checklist (And What People Always Skip),spring-commissioning-checklist,https://reyco.glvmarketing.ca/spring-commissioning-checklist/,,,,
post,91,Why Spot-Lock Changed Everything About How I Fish,minnkota-spot-lock-guide,https://reyco.glvmarketing.ca/minnkota-spot-lock-guide/,,,,
post,89,Mercury vs Yamaha: What I Actually See on the Bench,mercury-vs-yamaha,https://reyco.glvmarketing.ca/mercury-vs-yamaha/,,,,
post,87,Why I Chose Princecraft — And Why It Matters Up Here,princecraft-canadian-made,https://reyco.glvmarketing.ca/princecraft-canadian-made/,,,,
post,85,Pontoon or Fishing Boat? How We Help Families Decide,pontoon-vs-fishing-boat,https://reyco.glvmarketing.ca/pontoon-vs-fishing-boat/,,,,
post,83,What I Wish Someone Told Me Before I Bought My First Boat,first-time-boat-buyers-guide,https://reyco.glvmarketing.ca/first-time-boat-buyers-guide/,,,,
post,81,Boat Financing in Ontario — How We Actually Make It Work for People,boat-financing-in-ontario-how-we-actually-make-it-work-for-people,https://reyco.glvmarketing.ca/boat-financing-in-ontario-how-we-actually-make-it-work-for-people/,,,,
post,79,How I Pick the Right Outboard Motor for Every Boat That Comes Through Our Shop,how-i-pick-the-right-outboard-motor-for-every-boat-that-comes-through-our-shop,https://reyco.glvmarketing.ca/how-i-pick-the-right-outboard-motor-for-every-boat-that-comes-through-our-shop/,,,,
post,78,How I Help People Pick the Right Snowblower for the Sault,how-i-help-people-pick-the-right-snowblower-for-the-sault,https://reyco.glvmarketing.ca/how-i-help-people-pick-the-right-snowblower-for-the-sault/,,,,
post,76,Small Engine Repair in the Sault — What I Fix Every Single Week,small-engine-repair-in-the-sault-what-i-fix-every-single-week,https://reyco.glvmarketing.ca/small-engine-repair-in-the-sault-what-i-fix-every-single-week/,,,,
post,74,Boats for Sale in Sault Ste Marie — What I Wish Someone Told Me Before Buying,boats-for-sale-in-sault-ste-marie-what-i-wish-someone-told-me-before-buying,https://reyco.glvmarketing.ca/boats-for-sale-in-sault-ste-marie-what-i-wish-someone-told-me-before-buying/,,,,
product,1046,XT2 LX46,xt2-lx46-2,https://reyco.glvmarketing.ca/product/xt2-lx46-2/,,,,
product,1045,XT1 LT42 IntelliPOWER,xt1-lt42-intellipower-4,https://reyco.glvmarketing.ca/product/xt1-lt42-intellipower-4/,,,,
product,1044,CC30H,cc30h,https://reyco.glvmarketing.ca/product/cc30h/,,,,
product,1043,XT1 LT42 IntelliPOWER,xt1-lt42-intellipower-3,https://reyco.glvmarketing.ca/product/xt1-lt42-intellipower-3/,,,,
product,1042,XT1 LT42 IntelliPOWER,xt1-lt42-intellipower-2,https://reyco.glvmarketing.ca/product/xt1-lt42-intellipower-2/,,,,
product,1041,XT2 LX46,xt2-lx46,https://reyco.glvmarketing.ca/product/xt2-lx46/,,,,
product,1040,XT1 LT50 FAB,xt1-lt50-fab,https://reyco.glvmarketing.ca/product/xt1-lt50-fab/,,,,
product,1039,XT2 GX54 D,xt2-gx54-d,https://reyco.glvmarketing.ca/product/xt2-gx54-d/,,,,
product,1038,XT1 ST54 FAB,xt1-st54-fab,https://reyco.glvmarketing.ca/product/xt1-st54-fab/,,,,
product,1037,XT1 LT42 IntelliPOWER,xt1-lt42-intellipower,https://reyco.glvmarketing.ca/product/xt1-lt42-intellipower/,,,,
product,1036,2026 Princecraft JAZZ 17,2026-princecraft-jazz-17-2,https://reyco.glvmarketing.ca/product/2026-princecraft-jazz-17-2/,,,,
product,1035,2026 Princecraft JAZZ 17,2026-princecraft-jazz-17,https://reyco.glvmarketing.ca/product/2026-princecraft-jazz-17/,,,,
product,1034,2023 Princecraft SPORTFISHER 21 2S,2023-princecraft-sportfisher-21-2s,https://reyco.glvmarketing.ca/product/2023-princecraft-sportfisher-21-2s/,,,,
product,741,2023 Cub Cadet 17AIEACL010,2023-cub-cadet-17aieacl010,https://reyco.glvmarketing.ca/product/2023-cub-cadet-17aieacl010/,,,,
product,740,2025 Cub Cadet 17ARGBYNA10,2025-cub-cadet-17argbyna10-2,https://reyco.glvmarketing.ca/product/2025-cub-cadet-17argbyna10-2/,,,,
product,739,2026 Toro 77404,2026-toro-77404-3,https://reyco.glvmarketing.ca/product/2026-toro-77404-3/,,,,
product,738,2024 Cub Cadet 17AIEAC3A10,2024-cub-cadet-17aieac3a10,https://reyco.glvmarketing.ca/product/2024-cub-cadet-17aieac3a10/,,,,
product,737,2025 Cub Cadet 17ARGBYNA10,2025-cub-cadet-17argbyna10,https://reyco.glvmarketing.ca/product/2025-cub-cadet-17argbyna10/,,,,
product,736,2022 Toro 74055,2022-toro-74055,https://reyco.glvmarketing.ca/product/2022-toro-74055/,,,,
product,735,2024 Cub Cadet 17AIEAC2A10,2024-cub-cadet-17aieac2a10,https://reyco.glvmarketing.ca/product/2024-cub-cadet-17aieac2a10/,,,,
product,734,2024 Cub Cadet 17ARGBYLA10,2024-cub-cadet-17argbyla10,https://reyco.glvmarketing.ca/product/2024-cub-cadet-17argbyla10/,,,,
product,733,2026 Toro 22217,2026-toro-22217-2,https://reyco.glvmarketing.ca/product/2026-toro-22217-2/,,,,
product,732,2023 Cub Cadet 17ARGBYEA10,2023-cub-cadet-17argbyea10,https://reyco.glvmarketing.ca/product/2023-cub-cadet-17argbyea10/,,,,
product,731,2022 Mercury ME 60 ELPT 4S EFI,2022-mercury-me-60-elpt-4s-efi,https://reyco.glvmarketing.ca/product/2022-mercury-me-60-elpt-4s-efi/,,,,
product,730,2026 Toro 77404,2026-toro-77404-2,https://reyco.glvmarketing.ca/product/2026-toro-77404-2/,,,,
product,729,2026 Toro 22217,2026-toro-22217,https://reyco.glvmarketing.ca/product/2026-toro-22217/,,,,
product,728,XT1 ST54 FAB,2026-cub-cadet-13aqa2tma10,https://reyco.glvmarketing.ca/product/2026-cub-cadet-13aqa2tma10/,,,,
product,727,XT1 LT50 FAB,2026-cub-cadet-13aqa1tla10-4,https://reyco.glvmarketing.ca/product/2026-cub-cadet-13aqa1tla10-4/,,,,
product,726,XT1 LT50 FAB,2026-cub-cadet-13aqa1tla10-3,https://reyco.glvmarketing.ca/product/2026-cub-cadet-13aqa1tla10-3/,,,,
product,725,XT1 LT46,2026-cub-cadet-13apa9tta10-6,https://reyco.glvmarketing.ca/product/2026-cub-cadet-13apa9tta10-6/,,,,
product,563,2026 Toro 75747,2026-toro-75747-7,https://reyco.glvmarketing.ca/product/2026-toro-75747-7/,,,,
product,562,2026 Cub Cadet 13APA1TNA10,2026-cub-cadet-13apa1tna10-4,https://reyco.glvmarketing.ca/product/2026-cub-cadet-13apa1tna10-4/,,,,
product,561,2023 Mercury ME 15 ELPHPT PK 4S,2023-mercury-me-15-elphpt-pk-4s-2,https://reyco.glvmarketing.ca/product/2023-mercury-me-15-elphpt-pk-4s-2/,,,,
product,560,2025 Mercury ME 25 ELPT EFI 4S,2025-mercury-me-25-elpt-efi-4s,https://reyco.glvmarketing.ca/product/2025-mercury-me-25-elpt-efi-4s/,,,,
product,559,2025 Mercury ME 2.5MH 4S TMC,2025-mercury-me-2-5mh-4s-tmc-16,https://reyco.glvmarketing.ca/product/2025-mercury-me-2-5mh-4s-tmc-16/,,,,
product,558,2025 Trailer X,2025-trailer-x-4,https://reyco.glvmarketing.ca/product/2025-trailer-x-4/,,,,
product,557,2021 Mercury ME 20 ELHPT 4S,2021-mercury-me-20-elhpt-4s,https://reyco.glvmarketing.ca/product/2021-mercury-me-20-elhpt-4s/,,,,
product,556,2025 Mercury ME 9.9MH 4S,2025-mercury-me-9-9mh-4s-7,https://reyco.glvmarketing.ca/product/2025-mercury-me-9-9mh-4s-7/,,,,
product,555,2026 Cub Cadet 13APA9TTA10,2026-cub-cadet-13apa9tta10-5,https://reyco.glvmarketing.ca/product/2026-cub-cadet-13apa9tta10-5/,,,,
product,554,2023 Mercury 90 EXLPT CT,2023-mercury-90-exlpt-ct-2,https://reyco.glvmarketing.ca/product/2023-mercury-90-exlpt-ct-2/,,,,
product,553,2026 Mercury 150 XL,2026-mercury-150-xl,https://reyco.glvmarketing.ca/product/2026-mercury-150-xl/,,,,
product,552,2022 Mercury ME 30 ELPT EFI 4S,2022-mercury-me-30-elpt-efi-4s-2,https://reyco.glvmarketing.ca/product/2022-mercury-me-30-elpt-efi-4s-2/,,,,
product,551,2025 Mercury ME 6MH,2025-mercury-me-6mh-10,https://reyco.glvmarketing.ca/product/2025-mercury-me-6mh-10/,,,,
product,550,2025 Mercury 40 ELPT,2025-mercury-40-elpt,https://reyco.glvmarketing.ca/product/2025-mercury-40-elpt/,,,,
product,549,2025 Mercury ME 2.5MH 4S TMC,2025-mercury-me-2-5mh-4s-tmc-15,https://reyco.glvmarketing.ca/product/2025-mercury-me-2-5mh-4s-tmc-15/,,,,
product,548,2026 Mercury 50 ELPT EFI CT,2026-mercury-50-elpt-efi-ct-2,https://reyco.glvmarketing.ca/product/2026-mercury-50-elpt-efi-ct-2/,,,,
product,547,2026 Cub Cadet 13APA1TEA10,2026-cub-cadet-13apa1tea10-8,https://reyco.glvmarketing.ca/product/2026-cub-cadet-13apa1tea10-8/,,,,
product,546,2022 Mercury ME 20 MLH 4S,2022-mercury-me-20-mlh-4s-2,https://reyco.glvmarketing.ca/product/2022-mercury-me-20-mlh-4s-2/,,,,
product,545,2024 Mercury ME 50 ELPT 4S EFI,2024-mercury-me-50-elpt-4s-efi-4,https://reyco.glvmarketing.ca/product/2024-mercury-me-50-elpt-4s-efi-4/,,,,
product,544,2024 Toro 74532,2024-toro-74532-2,https://reyco.glvmarketing.ca/product/2024-toro-74532-2/,,,,
product,543,2025 Mercury ME 2.5MH 4S TMC,2025-mercury-me-2-5mh-4s-tmc-14,https://reyco.glvmarketing.ca/product/2025-mercury-me-2-5mh-4s-tmc-14/,,,,
product,542,2026 Easy Hauler AL-PTDB2023,2026-easy-hauler-al-ptdb2023-4,https://reyco.glvmarketing.ca/product/2026-easy-hauler-al-ptdb2023-4/,,,,
product,541,2023 Mercury ME 3.5MH 4S TMC,2023-mercury-me-3-5mh-4s-tmc-5,https://reyco.glvmarketing.ca/product/2023-mercury-me-3-5mh-4s-tmc-5/,,,,
product,540,2026 Toro 77283,2026-toro-77283-3,https://reyco.glvmarketing.ca/product/2026-toro-77283-3/,,,,
product,539,2023 Mercury ME 30 ELHPT EFI 4S,2023-mercury-me-30-elhpt-efi-4s-5,https://reyco.glvmarketing.ca/product/2023-mercury-me-30-elhpt-efi-4s-5/,,,,
product,538,2025 Mercury ME 2.5MH 4S TMC,2025-mercury-me-2-5mh-4s-tmc-13,https://reyco.glvmarketing.ca/product/2025-mercury-me-2-5mh-4s-tmc-13/,,,,
product,537,2024 Trailer X,2024-trailer-x-2,https://reyco.glvmarketing.ca/product/2024-trailer-x-2/,,,,
product,536,2026 Mercury 50 ELPT EFI CT,2026-mercury-50-elpt-efi-ct,https://reyco.glvmarketing.ca/product/2026-mercury-50-elpt-efi-ct/,,,,
product,535,2025 Mercury ME 2.5MH 4S TMC,2025-mercury-me-2-5mh-4s-tmc-12,https://reyco.glvmarketing.ca/product/2025-mercury-me-2-5mh-4s-tmc-12/,,,,
product,534,26 Mercury ME 90ELPT 4S,26-mercury-me-90elpt-4s-4,https://reyco.glvmarketing.ca/product/26-mercury-me-90elpt-4s-4/,,,,
product,533,XT1 LT42 IntelliPOWER,2026-cub-cadet-13a6a9ts596-7,https://reyco.glvmarketing.ca/product/2026-cub-cadet-13a6a9ts596-7/,,,,
product,532,2025 Mercury ME 5MH,2025-mercury-me-5mh-4,https://reyco.glvmarketing.ca/product/2025-mercury-me-5mh-4/,,,,
product,531,2026 Trailer X,2026-trailer-x-4,https://reyco.glvmarketing.ca/product/2026-trailer-x-4/,,,,
product,530,2026 Mercury ME 115XL PXS4S,2026-mercury-me-115xl-pxs4s-5,https://reyco.glvmarketing.ca/product/2026-mercury-me-115xl-pxs4s-5/,,,,
product,529,2026 Toro 75747,2026-toro-75747-6,https://reyco.glvmarketing.ca/product/2026-toro-75747-6/,,,,
product,528,2023 Mercury 60 ELPT,2023-mercury-60-elpt,https://reyco.glvmarketing.ca/product/2023-mercury-60-elpt/,,,,
product,527,2022 Mercury ME 15 ELH 4S,2022-mercury-me-15-elh-4s,https://reyco.glvmarketing.ca/product/2022-mercury-me-15-elh-4s/,,,,
product,526,XT2 LX46,2026-cub-cadet-13apa1tna10-3,https://reyco.glvmarketing.ca/product/2026-cub-cadet-13apa1tna10-3/,,,,
product,525,2014 Mercury 50 ELHPT 4S EFI,2014-mercury-50-elhpt-4s-efi,https://reyco.glvmarketing.ca/product/2014-mercury-50-elhpt-4s-efi/,,,,
product,524,2025 Toro 77507,2025-toro-77507,https://reyco.glvmarketing.ca/product/2025-toro-77507/,,,,
product,523,2026 Cub Cadet 13B6A9TTA10,2026-cub-cadet-13b6a9tta10-4,https://reyco.glvmarketing.ca/product/2026-cub-cadet-13b6a9tta10-4/,,,,
product,522,2025 Easy Hauler 1250# PAINTED TRAILER 480 X 12B E-COAT,2025-easy-hauler-1250-painted-trailer-480-x-12b-e-coat,https://reyco.glvmarketing.ca/product/2025-easy-hauler-1250-painted-trailer-480-x-12b-e-coat/,,,,
product,521,2026 Mercury ME 115XL PXS4S,2026-mercury-me-115xl-pxs4s-4,https://reyco.glvmarketing.ca/product/2026-mercury-me-115xl-pxs4s-4/,,,,
product,520,2025 Mercury ME 50 ELHPT 4S EFI,2025-mercury-me-50-elhpt-4s-efi,https://reyco.glvmarketing.ca/product/2025-mercury-me-50-elhpt-4s-efi/,,,,
product,519,2025 Mercury 75 ELPT,2025-mercury-75-elpt-2,https://reyco.glvmarketing.ca/product/2025-mercury-75-elpt-2/,,,,
product,518,2026 Mercury 115 EXLPT PRO XS,2026-mercury-115-exlpt-pro-xs-3,https://reyco.glvmarketing.ca/product/2026-mercury-115-exlpt-pro-xs-3/,,,,
product,517,2026 Cub Cadet 13B5A2TLA10,2026-cub-cadet-13b5a2tla10,https://reyco.glvmarketing.ca/product/2026-cub-cadet-13b5a2tla10/,,,,
product,516,2023 Mercury ME 9.9ELH 4S TMC,2023-mercury-me-9-9elh-4s-tmc-2,https://reyco.glvmarketing.ca/product/2023-mercury-me-9-9elh-4s-tmc-2/,,,,
product,515,2022 Mercury ME 8MH 4S TMC,2022-mercury-me-8mh-4s-tmc-2,https://reyco.glvmarketing.ca/product/2022-mercury-me-8mh-4s-tmc-2/,,,,
product,514,2025 Mercury ME 20 EH 4S,2025-mercury-me-20-eh-4s-2,https://reyco.glvmarketing.ca/product/2025-mercury-me-20-eh-4s-2/,,,,
product,513,2023 Mercury ME 15 ELHPT PK 4S,2023-mercury-me-15-elhpt-pk-4s,https://reyco.glvmarketing.ca/product/2023-mercury-me-15-elhpt-pk-4s/,,,,
product,512,2026 Cub Cadet 13A6A9TS596,2026-cub-cadet-13a6a9ts596-6,https://reyco.glvmarketing.ca/product/2026-cub-cadet-13a6a9ts596-6/,,,,
product,511,2026 Toro 75747,2026-toro-75747-5,https://reyco.glvmarketing.ca/product/2026-toro-75747-5/,,,,
product,510,2026 Trailer X,2026-trailer-x-3,https://reyco.glvmarketing.ca/product/2026-trailer-x-3/,,,,
product,509,2024 Easy Hauler AL-1610B-YC,2024-easy-hauler-al-1610b-yc,https://reyco.glvmarketing.ca/product/2024-easy-hauler-al-1610b-yc/,,,,
product,508,2025 Mercury ME 60 ELPT CT 4S EFI,2025-mercury-me-60-elpt-ct-4s-efi,https://reyco.glvmarketing.ca/product/2025-mercury-me-60-elpt-ct-4s-efi/,,,,
product,507,2026 Easy Hauler AL-PTDB2023,2026-easy-hauler-al-ptdb2023-3,https://reyco.glvmarketing.ca/product/2026-easy-hauler-al-ptdb2023-3/,,,,
product,506,2024 Mercury ME 6MLH,2024-mercury-me-6mlh-4,https://reyco.glvmarketing.ca/product/2024-mercury-me-6mlh-4/,,,,
product,505,2022 Easy Hauler AL-PTDB2026-TRI,2022-easy-hauler-al-ptdb2026-tri-5,https://reyco.glvmarketing.ca/product/2022-easy-hauler-al-ptdb2026-tri-5/,,,,
product,504,2023 Mercury ME 40 ELHPT 4S EFI,2023-mercury-me-40-elhpt-4s-efi,https://reyco.glvmarketing.ca/product/2023-mercury-me-40-elhpt-4s-efi/,,,,
product,503,2026 Toro 77503,2026-toro-77503,https://reyco.glvmarketing.ca/product/2026-toro-77503/,,,,
product,502,2025 Mercury ME 5MH,2025-mercury-me-5mh-3,https://reyco.glvmarketing.ca/product/2025-mercury-me-5mh-3/,,,,
product,501,2024 Mercury ME 15 ELPT 4S,2024-mercury-me-15-elpt-4s,https://reyco.glvmarketing.ca/product/2024-mercury-me-15-elpt-4s/,,,,
product,500,2022 Easy Hauler AL-PTDB2026-TRI,2022-easy-hauler-al-ptdb2026-tri-4,https://reyco.glvmarketing.ca/product/2022-easy-hauler-al-ptdb2026-tri-4/,,,,
product,499,XT1 LT46,2026-cub-cadet-13apa9tta10-4,https://reyco.glvmarketing.ca/product/2026-cub-cadet-13apa9tta10-4/,,,,
product,498,2026 Mercury 115 EXLPT PRO XS,2026-mercury-115-exlpt-pro-xs-2,https://reyco.glvmarketing.ca/product/2026-mercury-115-exlpt-pro-xs-2/,,,,
product,497,2025 Mercury ME 50 ELPT CT 4S EFI,2025-mercury-me-50-elpt-ct-4s-efi,https://reyco.glvmarketing.ca/product/2025-mercury-me-50-elpt-ct-4s-efi/,,,,
product,496,2025 Mercury ME 60 ELHPT CT 4S,2025-mercury-me-60-elhpt-ct-4s-2,https://reyco.glvmarketing.ca/product/2025-mercury-me-60-elhpt-ct-4s-2/,,,,
product,495,2024 Mercury ME 6MLH,2024-mercury-me-6mlh-3,https://reyco.glvmarketing.ca/product/2024-mercury-me-6mlh-3/,,,,
product,494,2023 Mercury ME 3.5MH 4S TMC,2023-mercury-me-3-5mh-4s-tmc-4,https://reyco.glvmarketing.ca/product/2023-mercury-me-3-5mh-4s-tmc-4/,,,,
product,493,2021 Mercury ME 5 MH LPG 4S,2021-mercury-me-5-mh-lpg-4s-2,https://reyco.glvmarketing.ca/product/2021-mercury-me-5-mh-lpg-4s-2/,,,,
product,492,2024 Mercury ME 50 ELPT 4S EFI,2024-mercury-me-50-elpt-4s-efi-3,https://reyco.glvmarketing.ca/product/2024-mercury-me-50-elpt-4s-efi-3/,,,,
product,491,XT1 LT50 FAB,2026-cub-cadet-13aqa1tla10-2,https://reyco.glvmarketing.ca/product/2026-cub-cadet-13aqa1tla10-2/,,,,
product,490,2023 Mercury 115 Pro XS,2023-mercury-115-pro-xs-2,https://reyco.glvmarketing.ca/product/2023-mercury-115-pro-xs-2/,,,,
product,489,2025 Trailer X,2025-trailer-x-3,https://reyco.glvmarketing.ca/product/2025-trailer-x-3/,,,,
product,488,2023 Mercury ME 30 ELHPT EFI 4S,2023-mercury-me-30-elhpt-efi-4s-4,https://reyco.glvmarketing.ca/product/2023-mercury-me-30-elhpt-efi-4s-4/,,,,
product,487,2026 Mercury 90 EXLPT CT,2026-mercury-90-exlpt-ct,https://reyco.glvmarketing.ca/product/2026-mercury-90-exlpt-ct/,,,,
product,486,2023 Mercury ME 20 MLH 4S,2023-mercury-me-20-mlh-4s-2,https://reyco.glvmarketing.ca/product/2023-mercury-me-20-mlh-4s-2/,,,,
product,485,2025 Mercury ME 6MH,2025-mercury-me-6mh-9,https://reyco.glvmarketing.ca/product/2025-mercury-me-6mh-9/,,,,
product,484,2021 Mercury ME 2.5MH 4S TMC,2021-mercury-me-2-5mh-4s-tmc-2,https://reyco.glvmarketing.ca/product/2021-mercury-me-2-5mh-4s-tmc-2/,,,,
product,483,2026 Cub Cadet 13APA1TEA10,2026-cub-cadet-13apa1tea10-7,https://reyco.glvmarketing.ca/product/2026-cub-cadet-13apa1tea10-7/,,,,
product,482,XT1 LT50 FAB,2026-cub-cadet-13aqa1tla10,https://reyco.glvmarketing.ca/product/2026-cub-cadet-13aqa1tla10/,,,,
product,481,2025 Mercury ME 2.5MH 4S TMC,2025-mercury-me-2-5mh-4s-tmc-11,https://reyco.glvmarketing.ca/product/2025-mercury-me-2-5mh-4s-tmc-11/,,,,
product,480,2024 Mercury ME 25 EH EFI 4S,2024-mercury-me-25-eh-efi-4s,https://reyco.glvmarketing.ca/product/2024-mercury-me-25-eh-efi-4s/,,,,
product,479,2023 Mercury ME 30 ELHPT EFI 4S,2023-mercury-me-30-elhpt-efi-4s-3,https://reyco.glvmarketing.ca/product/2023-mercury-me-30-elhpt-efi-4s-3/,,,,
product,478,2024 Mercury ME 8EH 4S,2024-mercury-me-8eh-4s,https://reyco.glvmarketing.ca/product/2024-mercury-me-8eh-4s/,,,,
product,477,2025 Mercury ME 6MH,2025-mercury-me-6mh-8,https://reyco.glvmarketing.ca/product/2025-mercury-me-6mh-8/,,,,
product,476,2026 Toro 77404,2026-toro-77404,https://reyco.glvmarketing.ca/product/2026-toro-77404/,,,,
product,475,2025 Mercury ME 20 MH 4S,2025-mercury-me-20-mh-4s,https://reyco.glvmarketing.ca/product/2025-mercury-me-20-mh-4s/,,,,
product,474,2023 Mercury ME 3.5MH 4S TMC,2023-mercury-me-3-5mh-4s-tmc-3,https://reyco.glvmarketing.ca/product/2023-mercury-me-3-5mh-4s-tmc-3/,,,,
product,473,26 Mercury ME 90ELPT 4S,26-mercury-me-90elpt-4s-3,https://reyco.glvmarketing.ca/product/26-mercury-me-90elpt-4s-3/,,,,
product,472,2026 Mercury 40 ELPT,2026-mercury-40-elpt,https://reyco.glvmarketing.ca/product/2026-mercury-40-elpt/,,,,
product,471,2025 Mercury ME 6MH,2025-mercury-me-6mh-7,https://reyco.glvmarketing.ca/product/2025-mercury-me-6mh-7/,,,,
product,470,2026 Toro 77283,2026-toro-77283-2,https://reyco.glvmarketing.ca/product/2026-toro-77283-2/,,,,
product,469,2026 Cub Cadet 13APA1TEA10,2026-cub-cadet-13apa1tea10-6,https://reyco.glvmarketing.ca/product/2026-cub-cadet-13apa1tea10-6/,,,,
product,468,2024 Mercury ME 25 ELHPT EFI 4S,2024-mercury-me-25-elhpt-efi-4s-2,https://reyco.glvmarketing.ca/product/2024-mercury-me-25-elhpt-efi-4s-2/,,,,
product,467,2022 Mercury ME 9.9ELH 4S TMC,2022-mercury-me-9-9elh-4s-tmc,https://reyco.glvmarketing.ca/product/2022-mercury-me-9-9elh-4s-tmc/,,,,
product,466,2026 Cub Cadet 13A6A9TS596,2026-cub-cadet-13a6a9ts596-5,https://reyco.glvmarketing.ca/product/2026-cub-cadet-13a6a9ts596-5/,,,,
product,465,2025 Mercury ME 2.5MH 4S TMC,2025-mercury-me-2-5mh-4s-tmc-10,https://reyco.glvmarketing.ca/product/2025-mercury-me-2-5mh-4s-tmc-10/,,,,
product,464,2025 Mercury ME 9.9MH 4S,2025-mercury-me-9-9mh-4s-6,https://reyco.glvmarketing.ca/product/2025-mercury-me-9-9mh-4s-6/,,,,
product,462,2026 Mercury ME 115XL PXS4S,2026-mercury-me-115xl-pxs4s-3,https://reyco.glvmarketing.ca/product/2026-mercury-me-115xl-pxs4s-3/,,,,
product,460,2026 Easy Hauler AL-PTDB2023,2026-easy-hauler-al-ptdb2023-2,https://reyco.glvmarketing.ca/product/2026-easy-hauler-al-ptdb2023-2/,,,,
product,459,XT1 LT46,2026-cub-cadet-13apa9tta10-3,https://reyco.glvmarketing.ca/product/2026-cub-cadet-13apa9tta10-3/,,,,
product,458,XT1 LT46,2026-cub-cadet-13apa9tta10-2,https://reyco.glvmarketing.ca/product/2026-cub-cadet-13apa9tta10-2/,,,,
product,457,XT1 LT46,2026-cub-cadet-13apa9tta10,https://reyco.glvmarketing.ca/product/2026-cub-cadet-13apa9tta10/,,,,
product,456,2025 Princecraft AMAROK 166 WS,2025-princecraft-amarok-166-ws,https://reyco.glvmarketing.ca/product/2025-princecraft-amarok-166-ws/,,,,
product,455,XT1 LT46 IntelliPOWER,2026-cub-cadet-13b6a9tta10-3,https://reyco.glvmarketing.ca/product/2026-cub-cadet-13b6a9tta10-3/,,,,
product,454,2026 Trailer X,2026-trailer-x-2,https://reyco.glvmarketing.ca/product/2026-trailer-x-2/,,,,
product,453,2025 Trailer X,2025-trailer-x-2,https://reyco.glvmarketing.ca/product/2025-trailer-x-2/,,,,
product,452,2025 Mercury 75 ELPT,2025-mercury-75-elpt,https://reyco.glvmarketing.ca/product/2025-mercury-75-elpt/,,,,
product,451,2026 Princecraft VECTRA 21 RL,2026-princecraft-vectra-21-rl,https://reyco.glvmarketing.ca/product/2026-princecraft-vectra-21-rl/,,,,
product,449,XT1 LT46 IntelliPOWER,2026-cub-cadet-13b6a9tta10-2,https://reyco.glvmarketing.ca/product/2026-cub-cadet-13b6a9tta10-2/,,,,
product,448,XT1 LT46 IntelliPOWER,2026-cub-cadet-13b6a9tta10,https://reyco.glvmarketing.ca/product/2026-cub-cadet-13b6a9tta10/,,,,
product,447,2024 Mercury ME 6MLH,2024-mercury-me-6mlh-2,https://reyco.glvmarketing.ca/product/2024-mercury-me-6mlh-2/,,,,
product,446,2026 Toro 75747,2026-toro-75747-4,https://reyco.glvmarketing.ca/product/2026-toro-75747-4/,,,,
product,445,2026 Mercury 115 EXLPT PRO XS,2026-mercury-115-exlpt-pro-xs,https://reyco.glvmarketing.ca/product/2026-mercury-115-exlpt-pro-xs/,,,,
product,444,2023 Mercury ME 3.5MH 4S TMC,2023-mercury-me-3-5mh-4s-tmc-2,https://reyco.glvmarketing.ca/product/2023-mercury-me-3-5mh-4s-tmc-2/,,,,
product,443,2026 Toro 77501,2026-toro-77501,https://reyco.glvmarketing.ca/product/2026-toro-77501/,,,,
product,442,XT2 LX46,2026-cub-cadet-13apa1tna10-2,https://reyco.glvmarketing.ca/product/2026-cub-cadet-13apa1tna10-2/,,,,
product,441,XT2 LX42,2026-cub-cadet-13apa1tea10-5,https://reyco.glvmarketing.ca/product/2026-cub-cadet-13apa1tea10-5/,,,,
product,440,2025 Mercury ME 2.5MH 4S TMC,2025-mercury-me-2-5mh-4s-tmc-9,https://reyco.glvmarketing.ca/product/2025-mercury-me-2-5mh-4s-tmc-9/,,,,
product,439,2025 Mercury ME 9.9MH 4S,2025-mercury-me-9-9mh-4s-4,https://reyco.glvmarketing.ca/product/2025-mercury-me-9-9mh-4s-4/,,,,
product,438,XT2 LX46,2026-cub-cadet-13apa1tna10,https://reyco.glvmarketing.ca/product/2026-cub-cadet-13apa1tna10/,,,,
product,437,2025 Mercury ME 9.9MH 4S,2025-mercury-me-9-9mh-4s-3,https://reyco.glvmarketing.ca/product/2025-mercury-me-9-9mh-4s-3/,,,,
product,436,2025 Mercury ME 6MH,2025-mercury-me-6mh-6,https://reyco.glvmarketing.ca/product/2025-mercury-me-6mh-6/,,,,
product,435,2025 Mercury ME 6MH,2025-mercury-me-6mh-5,https://reyco.glvmarketing.ca/product/2025-mercury-me-6mh-5/,,,,
product,433,2026 Mercury ME 115XL PXS4S,2026-mercury-me-115xl-pxs4s-2,https://reyco.glvmarketing.ca/product/2026-mercury-me-115xl-pxs4s-2/,,,,
product,432,2021 Mercury ME 5 MH LPG 4S,2021-mercury-me-5-mh-lpg-4s,https://reyco.glvmarketing.ca/product/2021-mercury-me-5-mh-lpg-4s/,,,,
product,431,2025 Mercury ME 5MH,2025-mercury-me-5mh-2,https://reyco.glvmarketing.ca/product/2025-mercury-me-5mh-2/,,,,
product,430,2023 Mercury ME 6MH,2023-mercury-me-6mh,https://reyco.glvmarketing.ca/product/2023-mercury-me-6mh/,,,,
product,429,2025 Toro 77502,2025-toro-77502,https://reyco.glvmarketing.ca/product/2025-toro-77502/,,,,
product,428,2026 Trailer X,2026-trailer-x,https://reyco.glvmarketing.ca/product/2026-trailer-x/,,,,
product,427,2025 Mercury ME 6MH,2025-mercury-me-6mh-4,https://reyco.glvmarketing.ca/product/2025-mercury-me-6mh-4/,,,,
product,426,2024 Princecraft RESORTER 160 BT,2024-princecraft-resorter-160-bt,https://reyco.glvmarketing.ca/product/2024-princecraft-resorter-160-bt/,,,,
product,425,2024 Trailer X,2024-trailer-x,https://reyco.glvmarketing.ca/product/2024-trailer-x/,,,,
product,424,2024 Mercury ME 6MLH,2024-mercury-me-6mlh,https://reyco.glvmarketing.ca/product/2024-mercury-me-6mlh/,,,,
product,423,XT2 LX42,2026-cub-cadet-13apa1tea10-4,https://reyco.glvmarketing.ca/product/2026-cub-cadet-13apa1tea10-4/,,,,
product,422,2026 Toro 77283,2026-toro-77283,https://reyco.glvmarketing.ca/product/2026-toro-77283/,,,,
product,421,2024 Toro 74532,2024-toro-74532,https://reyco.glvmarketing.ca/product/2024-toro-74532/,,,,
product,420,2026 Toro 72504,2026-toro-72504,https://reyco.glvmarketing.ca/product/2026-toro-72504/,,,,
product,419,2022 Easy Hauler AL-PTDB2026-TRI,2022-easy-hauler-al-ptdb2026-tri-3,https://reyco.glvmarketing.ca/product/2022-easy-hauler-al-ptdb2026-tri-3/,,,,
product,418,2024 Mercury ME 4MH 4S,2024-mercury-me-4mh-4s,https://reyco.glvmarketing.ca/product/2024-mercury-me-4mh-4s/,,,,
product,417,XT2 LX42,2026-cub-cadet-13apa1tea10-3,https://reyco.glvmarketing.ca/product/2026-cub-cadet-13apa1tea10-3/,,,,
product,416,2022 Easy Hauler AL-PTDB2026-TRI,2022-easy-hauler-al-ptdb2026-tri-2,https://reyco.glvmarketing.ca/product/2022-easy-hauler-al-ptdb2026-tri-2/,,,,
product,415,2022 Easy Hauler AL-PTDB2026-TRI,2022-easy-hauler-al-ptdb2026-tri,https://reyco.glvmarketing.ca/product/2022-easy-hauler-al-ptdb2026-tri/,,,,
product,414,2025 Trailer X,2025-trailer-x,https://reyco.glvmarketing.ca/product/2025-trailer-x/,,,,
product,413,2023 Mercury ME 30 ELHPT EFI 4S,2023-mercury-me-30-elhpt-efi-4s-2,https://reyco.glvmarketing.ca/product/2023-mercury-me-30-elhpt-efi-4s-2/,,,,
product,412,2022 Mercury ME 30 ELPT EFI 4S,2022-mercury-me-30-elpt-efi-4s,https://reyco.glvmarketing.ca/product/2022-mercury-me-30-elpt-efi-4s/,,,,
product,411,2023 Mercury ME 30 ELHPT EFI 4S,2023-mercury-me-30-elhpt-efi-4s,https://reyco.glvmarketing.ca/product/2023-mercury-me-30-elhpt-efi-4s/,,,,
product,410,2022 Mercury ME 20 MLH 4S,2022-mercury-me-20-mlh-4s,https://reyco.glvmarketing.ca/product/2022-mercury-me-20-mlh-4s/,,,,
product,409,2023 Mercury ME 25 ELPT EFI 4S,2023-mercury-me-25-elpt-efi-4s,https://reyco.glvmarketing.ca/product/2023-mercury-me-25-elpt-efi-4s/,,,,
product,408,2022 Mercury ME 4MH 4S,2022-mercury-me-4mh-4s,https://reyco.glvmarketing.ca/product/2022-mercury-me-4mh-4s/,,,,
product,407,2024 Mercury ME 25 ELHPT EFI 4S,2024-mercury-me-25-elhpt-efi-4s,https://reyco.glvmarketing.ca/product/2024-mercury-me-25-elhpt-efi-4s/,,,,
product,406,2025 Mercury ME 60 ELHPT CT 4S,2025-mercury-me-60-elhpt-ct-4s,https://reyco.glvmarketing.ca/product/2025-mercury-me-60-elhpt-ct-4s/,,,,
product,405,XT2 LX42,2026-cub-cadet-13apa1tea10-2,https://reyco.glvmarketing.ca/product/2026-cub-cadet-13apa1tea10-2/,,,,
product,404,2025 Mercury ME 20 EH 4S,2025-mercury-me-20-eh-4s,https://reyco.glvmarketing.ca/product/2025-mercury-me-20-eh-4s/,,,,
product,403,2023 Mercury ME 3.5MH 4S TMC,2023-mercury-me-3-5mh-4s-tmc,https://reyco.glvmarketing.ca/product/2023-mercury-me-3-5mh-4s-tmc/,,,,
product,402,2022 Mercury ME 8MH 4S TMC,2022-mercury-me-8mh-4s-tmc,https://reyco.glvmarketing.ca/product/2022-mercury-me-8mh-4s-tmc/,,,,
product,401,2021 Mercury ME 2.5MH 4S TMC,2021-mercury-me-2-5mh-4s-tmc,https://reyco.glvmarketing.ca/product/2021-mercury-me-2-5mh-4s-tmc/,,,,
product,400,XT2 LX42,2026-cub-cadet-13apa1tea10,https://reyco.glvmarketing.ca/product/2026-cub-cadet-13apa1tea10/,,,,
product,399,2023 Mercury ME 20 MLH 4S,2023-mercury-me-20-mlh-4s,https://reyco.glvmarketing.ca/product/2023-mercury-me-20-mlh-4s/,,,,
product,398,2026 Easy Hauler AL-PTDB2023,2026-easy-hauler-al-ptdb2023,https://reyco.glvmarketing.ca/product/2026-easy-hauler-al-ptdb2023/,,,,
product,397,2023 Mercury 115 Pro XS,2023-mercury-115-pro-xs,https://reyco.glvmarketing.ca/product/2023-mercury-115-pro-xs/,,,,
product,396,2025 Mercury ME 2.5MH 4S TMC,2025-mercury-me-2-5mh-4s-tmc-8,https://reyco.glvmarketing.ca/product/2025-mercury-me-2-5mh-4s-tmc-8/,,,,
product,395,2022 Mercury ME 5 MXLHA LPG 4S SAILPOWER,2022-mercury-me-5-mxlha-lpg-4s-sailpower,https://reyco.glvmarketing.ca/product/2022-mercury-me-5-mxlha-lpg-4s-sailpower/,,,,
product,394,2023 Mercury ME 15 ELPHPT PK 4S,2023-mercury-me-15-elphpt-pk-4s,https://reyco.glvmarketing.ca/product/2023-mercury-me-15-elphpt-pk-4s/,,,,
product,393,2024 Mercury ME 15 EH 4S,2024-mercury-me-15-eh-4s,https://reyco.glvmarketing.ca/product/2024-mercury-me-15-eh-4s/,,,,
product,392,26 Mercury ME 90ELPT 4S,26-mercury-me-90elpt-4s-2,https://reyco.glvmarketing.ca/product/26-mercury-me-90elpt-4s-2/,,,,
product,391,2025 Mercury ME 2.5MH 4S TMC,2025-mercury-me-2-5mh-4s-tmc-7,https://reyco.glvmarketing.ca/product/2025-mercury-me-2-5mh-4s-tmc-7/,,,,
product,390,2024 Mercury ME 60 ELPT 4S EFI,2024-mercury-me-60-elpt-4s-efi,https://reyco.glvmarketing.ca/product/2024-mercury-me-60-elpt-4s-efi/,,,,
product,389,2026 Toro 75747,2026-toro-75747-3,https://reyco.glvmarketing.ca/product/2026-toro-75747-3/,,,,
product,388,2024 Mercury ME 50 ELPT 4S EFI,2024-mercury-me-50-elpt-4s-efi-2,https://reyco.glvmarketing.ca/product/2024-mercury-me-50-elpt-4s-efi-2/,,,,
product,387,2024 Mercury ME 50 ELPT 4S EFI,2024-mercury-me-50-elpt-4s-efi,https://reyco.glvmarketing.ca/product/2024-mercury-me-50-elpt-4s-efi/,,,,
product,386,XT1 LT42 IntelliPOWER,2026-cub-cadet-13a6a9ts596-4,https://reyco.glvmarketing.ca/product/2026-cub-cadet-13a6a9ts596-4/,,,,
product,385,26 Mercury ME 90ELPT 4S,26-mercury-me-90elpt-4s,https://reyco.glvmarketing.ca/product/26-mercury-me-90elpt-4s/,,,,
product,384,2023 Princecraft SPORTFISHER 21 2RS,2023-princecraft-sportfisher-21-2rs,https://reyco.glvmarketing.ca/product/2023-princecraft-sportfisher-21-2rs/,,,,
product,383,2023 Mercury 90 EXLPT CT,2023-mercury-90-exlpt-ct,https://reyco.glvmarketing.ca/product/2023-mercury-90-exlpt-ct/,,,,
product,381,2023 Mercury ME 9.9ELH 4S TMC,2023-mercury-me-9-9elh-4s-tmc,https://reyco.glvmarketing.ca/product/2023-mercury-me-9-9elh-4s-tmc/,,,,
product,380,2026 Mercury ME 115XL PXS4S,2026-mercury-me-115xl-pxs4s,https://reyco.glvmarketing.ca/product/2026-mercury-me-115xl-pxs4s/,,,,
product,379,2025 Mercury ME 9.9MH 4S,2025-mercury-me-9-9mh-4s-2,https://reyco.glvmarketing.ca/product/2025-mercury-me-9-9mh-4s-2/,,,,
product,378,2026 Toro 75747,2026-toro-75747-2,https://reyco.glvmarketing.ca/product/2026-toro-75747-2/,,,,
product,377,2025 Mercury ME 9.9MH 4S,2025-mercury-me-9-9mh-4s,https://reyco.glvmarketing.ca/product/2025-mercury-me-9-9mh-4s/,,,,
product,376,2025 Mercury ME 6MH,2025-mercury-me-6mh-3,https://reyco.glvmarketing.ca/product/2025-mercury-me-6mh-3/,,,,
product,375,2025 Mercury ME 6MH,2025-mercury-me-6mh-2,https://reyco.glvmarketing.ca/product/2025-mercury-me-6mh-2/,,,,
product,374,2023 Princecraft SPORTFISHER 23 2RS,2023-princecraft-sportfisher-23-2rs,https://reyco.glvmarketing.ca/product/2023-princecraft-sportfisher-23-2rs/,,,,
product,373,XT1 LT42 IntelliPOWER,2026-cub-cadet-13a6a9ts596-2,https://reyco.glvmarketing.ca/product/2026-cub-cadet-13a6a9ts596-2/,,,,
product,372,2025 Mercury ME 2.5MH 4S TMC,2025-mercury-me-2-5mh-4s-tmc-6,https://reyco.glvmarketing.ca/product/2025-mercury-me-2-5mh-4s-tmc-6/,,,,
product,371,2025 Mercury ME 5MH,2025-mercury-me-5mh,https://reyco.glvmarketing.ca/product/2025-mercury-me-5mh/,,,,
product,370,2025 Mercury ME 2.5MH 4S TMC,2025-mercury-me-2-5mh-4s-tmc-5,https://reyco.glvmarketing.ca/product/2025-mercury-me-2-5mh-4s-tmc-5/,,,,
product,369,2026 Toro 75747,2026-toro-75747,https://reyco.glvmarketing.ca/product/2026-toro-75747/,,,,
product,368,2025 Mercury ME 2.5MH 4S TMC,2025-mercury-me-2-5mh-4s-tmc-4,https://reyco.glvmarketing.ca/product/2025-mercury-me-2-5mh-4s-tmc-4/,,,,
product,367,2025 Mercury ME 2.5MH 4S TMC,2025-mercury-me-2-5mh-4s-tmc-3,https://reyco.glvmarketing.ca/product/2025-mercury-me-2-5mh-4s-tmc-3/,,,,
product,366,2025 Mercury ME 6MH,2025-mercury-me-6mh,https://reyco.glvmarketing.ca/product/2025-mercury-me-6mh/,,,,
product,365,2025 Mercury ME 2.5MH 4S TMC,2025-mercury-me-2-5mh-4s-tmc-2,https://reyco.glvmarketing.ca/product/2025-mercury-me-2-5mh-4s-tmc-2/,,,,
product,363,2025 Mercury ME 2.5MH 4S TMC,2025-mercury-me-2-5mh-4s-tmc,https://reyco.glvmarketing.ca/product/2025-mercury-me-2-5mh-4s-tmc/,,,,
product,361,Echo DSRM-2600U Cordless U-Handle Brushcutter,echo-dsrm-2600u-cordless-u-handle-brushcutter,https://reyco.glvmarketing.ca/product/echo-dsrm-2600u-cordless-u-handle-brushcutter/,,,,
product,360,Echo DSRM-2600 Cordless String Trimmer,echo-dsrm-2600-cordless-string-trimmer,https://reyco.glvmarketing.ca/product/echo-dsrm-2600-cordless-string-trimmer/,,,,
product,359,Echo DSRM-2100 Cordless String Trimmer,echo-dsrm-2100-cordless-string-trimmer,https://reyco.glvmarketing.ca/product/echo-dsrm-2100-cordless-string-trimmer/,,,,
product,358,Echo DPB-2500LE Limited Edition Pink Blower,echo-dpb-2500le-limited-edition-pink-blower,https://reyco.glvmarketing.ca/product/echo-dpb-2500le-limited-edition-pink-blower/,,,,
product,357,Echo DPB-2500 Cordless Handheld Blower,echo-dpb-2500-cordless-handheld-blower,https://reyco.glvmarketing.ca/product/echo-dpb-2500-cordless-handheld-blower/,,,,
product,356,Echo DPAS-2600 Cordless PAS Pro Powerhead,echo-dpas-2600-cordless-pas-pro-powerhead,https://reyco.glvmarketing.ca/product/echo-dpas-2600-cordless-pas-pro-powerhead/,,,,
product,355,Echo DPAS-2100 Cordless PAS Powerhead,echo-dpas-2100-cordless-pas-powerhead,https://reyco.glvmarketing.ca/product/echo-dpas-2100-cordless-pas-powerhead/,,,,
product,354,Echo DLM-2100SP Cordless Self-Propelled Mower,echo-dlm-2100sp-cordless-self-propelled-mower,https://reyco.glvmarketing.ca/product/echo-dlm-2100sp-cordless-self-propelled-mower/,,,,
product,353,Echo DLM-2100 Cordless Push Mower,echo-dlm-2100-cordless-push-mower,https://reyco.glvmarketing.ca/product/echo-dlm-2100-cordless-push-mower/,,,,
product,352,Echo DHC-2300 Cordless Hedge Trimmer,echo-dhc-2300-cordless-hedge-trimmer,https://reyco.glvmarketing.ca/product/echo-dhc-2300-cordless-hedge-trimmer/,,,,
product,351,Echo DCS-2500T Cordless Top-Handle Chainsaw,echo-dcs-2500t-cordless-top-handle-chainsaw,https://reyco.glvmarketing.ca/product/echo-dcs-2500t-cordless-top-handle-chainsaw/,,,,
product,350,Echo PAS-2620 Pro Powerhead,echo-pas-2620-pro-powerhead,https://reyco.glvmarketing.ca/product/echo-pas-2620-pro-powerhead/,,,,
product,349,Echo PAS-225 Homeowner Powerhead,echo-pas-225-homeowner-powerhead,https://reyco.glvmarketing.ca/product/echo-pas-225-homeowner-powerhead/,,,,
product,348,Echo PE-2620 Walk-Behind Edger,echo-pe-2620-walk-behind-edger,https://reyco.glvmarketing.ca/product/echo-pe-2620-walk-behind-edger/,,,,
product,347,Echo CWT-7410 Walk-Behind Cut-Off Saw,echo-cwt-7410-walk-behind-cut-off-saw,https://reyco.glvmarketing.ca/product/echo-cwt-7410-walk-behind-cut-off-saw/,,,,
product,346,Echo CSG-7410 Handheld Cut-Off Saw,echo-csg-7410-handheld-cut-off-saw,https://reyco.glvmarketing.ca/product/echo-csg-7410-handheld-cut-off-saw/,,,,
product,345,Echo PW-4200 Flagship Pro Pressure Washer,echo-pw-4200-flagship-pro-pressure-washer,https://reyco.glvmarketing.ca/product/echo-pw-4200-flagship-pro-pressure-washer/,,,,
product,344,Echo PW-3600 Pro Gas Pressure Washer,echo-pw-3600-pro-gas-pressure-washer,https://reyco.glvmarketing.ca/product/echo-pw-3600-pro-gas-pressure-washer/,,,,
product,343,Echo PW-3200 Gas Pressure Washer,echo-pw-3200-gas-pressure-washer,https://reyco.glvmarketing.ca/product/echo-pw-3200-gas-pressure-washer/,,,,
product,342,Echo PW-3100 Gas Pressure Washer,echo-pw-3100-gas-pressure-washer,https://reyco.glvmarketing.ca/product/echo-pw-3100-gas-pressure-washer/,,,,
product,341,Echo PWE-1800 Electric Pressure Washer,echo-pwe-1800-electric-pressure-washer,https://reyco.glvmarketing.ca/product/echo-pwe-1800-electric-pressure-washer/,,,,
product,340,Echo SHC-2620S Pro Shafted (S),echo-shc-2620s-pro-shafted-s,https://reyco.glvmarketing.ca/product/echo-shc-2620s-pro-shafted-s/,,,,
product,339,Echo SHC-2620 Pro Shafted Hedge Trimmer,echo-shc-2620-pro-shafted-hedge-trimmer,https://reyco.glvmarketing.ca/product/echo-shc-2620-pro-shafted-hedge-trimmer/,,,,
product,338,Echo SHC-225S Shafted Hedge Trimmer (S),echo-shc-225s-shafted-hedge-trimmer-s,https://reyco.glvmarketing.ca/product/echo-shc-225s-shafted-hedge-trimmer-s/,,,,
product,337,Echo SHC-225 Shafted Hedge Trimmer,echo-shc-225-shafted-hedge-trimmer,https://reyco.glvmarketing.ca/product/echo-shc-225-shafted-hedge-trimmer/,,,,
product,336,Echo HCA-2620S Articulating Extended-Reach (S),echo-hca-2620s-articulating-extended-reach-s,https://reyco.glvmarketing.ca/product/echo-hca-2620s-articulating-extended-reach-s/,,,,
product,335,Echo HCA-2620 Articulating Extended-Reach,echo-hca-2620-articulating-extended-reach,https://reyco.glvmarketing.ca/product/echo-hca-2620-articulating-extended-reach/,,,,
product,334,Echo HC-2810 Heavy Double-Sided Hedge Trimmer,echo-hc-2810-heavy-double-sided-hedge-trimmer,https://reyco.glvmarketing.ca/product/echo-hc-2810-heavy-double-sided-hedge-trimmer/,,,,
product,333,Echo HC-2210 Double-Sided Hedge Trimmer,echo-hc-2210-double-sided-hedge-trimmer,https://reyco.glvmarketing.ca/product/echo-hc-2210-double-sided-hedge-trimmer/,,,,
product,332,Echo HC-155 Single-Sided Hedge Trimmer,echo-hc-155-single-sided-hedge-trimmer,https://reyco.glvmarketing.ca/product/echo-hc-155-single-sided-hedge-trimmer/,,,,
product,331,Echo SRM-2620U U-Handle Brushcutter,echo-srm-2620u-u-handle-brushcutter,https://reyco.glvmarketing.ca/product/echo-srm-2620u-u-handle-brushcutter/,,,,
product,330,Echo SRM-410 Pro Trimmer,echo-srm-410-pro-trimmer,https://reyco.glvmarketing.ca/product/echo-srm-410-pro-trimmer/,,,,
product,329,Echo SRM-3020 Heavy-Duty Trimmer,echo-srm-3020-heavy-duty-trimmer,https://reyco.glvmarketing.ca/product/echo-srm-3020-heavy-duty-trimmer/,,,,
product,328,Echo SRM-266 Pro-Grade Trimmer,echo-srm-266-pro-grade-trimmer,https://reyco.glvmarketing.ca/product/echo-srm-266-pro-grade-trimmer/,,,,
product,327,Echo SRM-2620 Trimmer,echo-srm-2620-trimmer,https://reyco.glvmarketing.ca/product/echo-srm-2620-trimmer/,,,,
product,326,Echo SRM-2320 Straight-Shaft Trimmer,echo-srm-2320-straight-shaft-trimmer,https://reyco.glvmarketing.ca/product/echo-srm-2320-straight-shaft-trimmer/,,,,
product,325,Echo GT-225 Curved-Shaft Trimmer,echo-gt-225-curved-shaft-trimmer,https://reyco.glvmarketing.ca/product/echo-gt-225-curved-shaft-trimmer/,,,,
product,324,Echo PB-8010 X Series Backpack Blower,echo-pb-8010-x-series-backpack-blower,https://reyco.glvmarketing.ca/product/echo-pb-8010-x-series-backpack-blower/,,,,
product,323,Echo PB-770 Pro Backpack Blower,echo-pb-770-pro-backpack-blower,https://reyco.glvmarketing.ca/product/echo-pb-770-pro-backpack-blower/,,,,
product,322,Echo PB-760LNT Low-Noise Backpack (Tube),echo-pb-760lnt-low-noise-backpack-tube,https://reyco.glvmarketing.ca/product/echo-pb-760lnt-low-noise-backpack-tube/,,,,
product,321,Echo PB-265LN Low-Noise Handheld,echo-pb-265ln-low-noise-handheld,https://reyco.glvmarketing.ca/product/echo-pb-265ln-low-noise-handheld/,,,,
product,320,Echo PB-2620 Handheld Blower,echo-pb-2620-handheld-blower,https://reyco.glvmarketing.ca/product/echo-pb-2620-handheld-blower/,,,,
product,319,Echo PB-255LN Low-Noise Handheld,echo-pb-255ln-low-noise-handheld,https://reyco.glvmarketing.ca/product/echo-pb-255ln-low-noise-handheld/,,,,
product,318,Echo PB-2520 Handheld Blower,echo-pb-2520-handheld-blower,https://reyco.glvmarketing.ca/product/echo-pb-2520-handheld-blower/,,,,
product,317,Echo ES-250 Handheld Shred/Vac,echo-es-250-handheld-shred-vac,https://reyco.glvmarketing.ca/product/echo-es-250-handheld-shred-vac/,,,,
product,316,Echo CS-7310P Heavy Production Chainsaw,echo-cs-7310p-heavy-production-chainsaw,https://reyco.glvmarketing.ca/product/echo-cs-7310p-heavy-production-chainsaw/,,,,
product,315,Echo CS-620P Pro Chainsaw,echo-cs-620p-pro-chainsaw,https://reyco.glvmarketing.ca/product/echo-cs-620p-pro-chainsaw/,,,,
product,314,Echo CS-501P Pro Chainsaw,echo-cs-501p-pro-chainsaw,https://reyco.glvmarketing.ca/product/echo-cs-501p-pro-chainsaw/,,,,
product,313,Echo CS-4910 Pro Chainsaw,echo-cs-4910-pro-chainsaw,https://reyco.glvmarketing.ca/product/echo-cs-4910-pro-chainsaw/,,,,
product,312,Echo CS-490 Mid Pro Chainsaw,echo-cs-490-mid-pro-chainsaw,https://reyco.glvmarketing.ca/product/echo-cs-490-mid-pro-chainsaw/,,,,
product,311,Echo CS-4510 Mid Homeowner Chainsaw,echo-cs-4510-mid-homeowner-chainsaw,https://reyco.glvmarketing.ca/product/echo-cs-4510-mid-homeowner-chainsaw/,,,,
product,310,Echo CS-370F Farm/Ranch Chainsaw,echo-cs-370f-farm-ranch-chainsaw,https://reyco.glvmarketing.ca/product/echo-cs-370f-farm-ranch-chainsaw/,,,,
product,309,Echo CS-361P Mid Pro Chainsaw,echo-cs-361p-mid-pro-chainsaw,https://reyco.glvmarketing.ca/product/echo-cs-361p-mid-pro-chainsaw/,,,,
product,308,Echo CS-355T Top-Handle Chainsaw,echo-cs-355t-top-handle-chainsaw,https://reyco.glvmarketing.ca/product/echo-cs-355t-top-handle-chainsaw/,,,,
product,307,Echo CS-3510 Homeowner Chainsaw,echo-cs-3510-homeowner-chainsaw,https://reyco.glvmarketing.ca/product/echo-cs-3510-homeowner-chainsaw/,,,,
product,306,Echo CS-271T Top-Handle Chainsaw,echo-cs-271t-top-handle-chainsaw,https://reyco.glvmarketing.ca/product/echo-cs-271t-top-handle-chainsaw/,,,,
product,305,Echo CS-2511T Top-Handle Chainsaw,echo-cs-2511t-top-handle-chainsaw,https://reyco.glvmarketing.ca/product/echo-cs-2511t-top-handle-chainsaw/,,,,
product,304,Echo CS-2511P Compact Pro Chainsaw,echo-cs-2511p-compact-pro-chainsaw,https://reyco.glvmarketing.ca/product/echo-cs-2511p-compact-pro-chainsaw/,,,,
product,303,Wave Armor Otter Swim Raft 8'x10',wave-armor-otter-swim-raft-8x10,https://reyco.glvmarketing.ca/product/wave-armor-otter-swim-raft-8x10/,,,,
product,302,R&amp;J Marine Railway System,rj-marine-railway-system,https://reyco.glvmarketing.ca/product/rj-marine-railway-system/,,,,
product,301,Wave Armour PWC Wave Port,wave-armour-pwc-wave-port,https://reyco.glvmarketing.ca/product/wave-armour-pwc-wave-port/,,,,
product,300,R&amp;J Hydraulic PWC Lift,rj-hydraulic-pwc-lift,https://reyco.glvmarketing.ca/product/rj-hydraulic-pwc-lift/,,,,
product,299,R&amp;J Boat Lift Roof System,rj-boat-lift-roof-system,https://reyco.glvmarketing.ca/product/rj-boat-lift-roof-system/,,,,
product,298,R&amp;J Hidden-Beam Wet-Slip Lift,rj-hidden-beam-wet-slip-lift,https://reyco.glvmarketing.ca/product/rj-hidden-beam-wet-slip-lift/,,,,
product,297,R&amp;J Hydro Extreme Boat Lift,rj-hydro-extreme-boat-lift,https://reyco.glvmarketing.ca/product/rj-hydro-extreme-boat-lift/,,,,
product,296,R&amp;J Vertical Pontoon Boat Lift,rj-vertical-pontoon-boat-lift,https://reyco.glvmarketing.ca/product/rj-vertical-pontoon-boat-lift/,,,,
product,295,R&amp;J Hydraulic Boat Lift,rj-hydraulic-boat-lift,https://reyco.glvmarketing.ca/product/rj-hydraulic-boat-lift/,,,,
product,294,R&amp;J Cantilever Boat Lift,rj-cantilever-boat-lift,https://reyco.glvmarketing.ca/product/rj-cantilever-boat-lift/,,,,
product,293,R&amp;J Lift-Up Step Dock,rj-lift-up-step-dock,https://reyco.glvmarketing.ca/product/rj-lift-up-step-dock/,,,,
product,292,R&amp;J WaveX Modular Dock System,rj-wavex-modular-dock-system,https://reyco.glvmarketing.ca/product/rj-wavex-modular-dock-system/,,,,
product,291,R&amp;J LUX Floating Dock System,rj-lux-floating-dock-system,https://reyco.glvmarketing.ca/product/rj-lux-floating-dock-system/,,,,
product,290,R&amp;J Floating Truss Dock,rj-floating-truss-dock,https://reyco.glvmarketing.ca/product/rj-floating-truss-dock/,,,,
product,289,R&amp;J Truss Pipe Dock — Aluminum,rj-truss-pipe-dock-aluminum,https://reyco.glvmarketing.ca/product/rj-truss-pipe-dock-aluminum/,,,,
product,288,Humminbird ICE XPLORE Shuttle Conversion Kit,humminbird-ice-xplore-shuttle-conversion-kit,https://reyco.glvmarketing.ca/product/humminbird-ice-xplore-shuttle-conversion-kit/,,,,
product,287,Humminbird ICE XPLORE Power Cable,humminbird-ice-xplore-power-cable,https://reyco.glvmarketing.ca/product/humminbird-ice-xplore-power-cable/,,,,
product,286,Humminbird ICE MEGA Live 2 SAE Power Cable,humminbird-ice-mega-live-2-sae-power-cable,https://reyco.glvmarketing.ca/product/humminbird-ice-mega-live-2-sae-power-cable/,,,,
product,285,Humminbird ICE MEGA Live 2 Power Cable,humminbird-ice-mega-live-2-power-cable,https://reyco.glvmarketing.ca/product/humminbird-ice-mega-live-2-power-cable/,,,,
product,284,Humminbird ICE MEGA Live 2 Compact Pole-Mount,humminbird-ice-mega-live-2-compact-pole-mount,https://reyco.glvmarketing.ca/product/humminbird-ice-mega-live-2-compact-pole-mount/,,,,
product,283,Humminbird MEGA Live 2 Transom-Mount Sonar,humminbird-mega-live-2-transom-mount-sonar,https://reyco.glvmarketing.ca/product/humminbird-mega-live-2-transom-mount-sonar/,,,,
product,282,Humminbird MEGA Live 2 Forward-Facing Sonar,humminbird-mega-live-2-forward-facing-sonar,https://reyco.glvmarketing.ca/product/humminbird-mega-live-2-forward-facing-sonar/,,,,
product,281,Humminbird APEX 19 MEGA SI+ Chartplotter (CHO),humminbird-apex-19-mega-si-chartplotter-cho,https://reyco.glvmarketing.ca/product/humminbird-apex-19-mega-si-chartplotter-cho/,,,,
product,280,Humminbird APEX 19 MEGA SI+ Chartplotter,humminbird-apex-19-mega-si-chartplotter,https://reyco.glvmarketing.ca/product/humminbird-apex-19-mega-si-chartplotter/,,,,
product,279,Humminbird APEX 16 MEGA SI+ Chartplotter (CHO),humminbird-apex-16-mega-si-chartplotter-cho,https://reyco.glvmarketing.ca/product/humminbird-apex-16-mega-si-chartplotter-cho/,,,,
product,278,Humminbird APEX 16 MEGA SI+ Chartplotter,humminbird-apex-16-mega-si-chartplotter,https://reyco.glvmarketing.ca/product/humminbird-apex-16-mega-si-chartplotter/,,,,
product,277,Humminbird APEX 13 MEGA SI+ Chartplotter (CHO),humminbird-apex-13-mega-si-chartplotter-cho,https://reyco.glvmarketing.ca/product/humminbird-apex-13-mega-si-chartplotter-cho/,,,,
product,276,Humminbird APEX 13 MEGA SI+ Chartplotter,humminbird-apex-13-mega-si-chartplotter,https://reyco.glvmarketing.ca/product/humminbird-apex-13-mega-si-chartplotter/,,,,
product,275,Cannon Uni-Stacker Release,cannon-uni-stacker-release,https://reyco.glvmarketing.ca/product/cannon-uni-stacker-release/,,,,
product,274,Cannon Downrigger Weight — 10 lb Cannon Ball,cannon-downrigger-weight-10-lb-cannon-ball,https://reyco.glvmarketing.ca/product/cannon-downrigger-weight-10-lb-cannon-ball/,,,,
product,273,Cannon Downrigger Weight — 8 lb Cannon Ball,cannon-downrigger-weight-8-lb-cannon-ball,https://reyco.glvmarketing.ca/product/cannon-downrigger-weight-8-lb-cannon-ball/,,,,
product,272,Cannon Downrigger Weight — 6 lb Cannon Ball,cannon-downrigger-weight-6-lb-cannon-ball,https://reyco.glvmarketing.ca/product/cannon-downrigger-weight-6-lb-cannon-ball/,,,,
product,271,Cannon Downrigger Weight — 4 lb Cannon Ball,cannon-downrigger-weight-4-lb-cannon-ball,https://reyco.glvmarketing.ca/product/cannon-downrigger-weight-4-lb-cannon-ball/,,,,
product,270,Cannon Mini-Troll,cannon-mini-troll,https://reyco.glvmarketing.ca/product/cannon-mini-troll/,,,,
product,269,Cannon Lake-Troll,cannon-lake-troll,https://reyco.glvmarketing.ca/product/cannon-lake-troll/,,,,
product,268,Cannon Easi-Troll,cannon-easi-troll,https://reyco.glvmarketing.ca/product/cannon-easi-troll/,,,,
product,267,Cannon Uni-Troll 5,cannon-uni-troll-5,https://reyco.glvmarketing.ca/product/cannon-uni-troll-5/,,,,
product,266,Cannon Uni-Troll 10,cannon-uni-troll-10,https://reyco.glvmarketing.ca/product/cannon-uni-troll-10/,,,,
product,265,Cannon Uni-Troll 10 TS,cannon-uni-troll-10-ts,https://reyco.glvmarketing.ca/product/cannon-uni-troll-10-ts/,,,,
product,264,Cannon Magnum 5,cannon-magnum-5,https://reyco.glvmarketing.ca/product/cannon-magnum-5/,,,,
product,263,Cannon Magnum 10,cannon-magnum-10,https://reyco.glvmarketing.ca/product/cannon-magnum-10/,,,,
product,262,Cannon Magnum 10 TS,cannon-magnum-10-ts,https://reyco.glvmarketing.ca/product/cannon-magnum-10-ts/,,,,
product,261,Cannon Optimum Downrigger,cannon-optimum-downrigger,https://reyco.glvmarketing.ca/product/cannon-optimum-downrigger/,,,,
product,260,Cannon Optimum TS Downrigger,cannon-optimum-ts-downrigger,https://reyco.glvmarketing.ca/product/cannon-optimum-ts-downrigger/,,,,
product,259,Minn Kota Battery Charger Extension Cable MK-EC-15 (Bulk),minn-kota-battery-charger-extension-cable-mk-ec-15-bulk,https://reyco.glvmarketing.ca/product/minn-kota-battery-charger-extension-cable-mk-ec-15-bulk/,,,,
product,258,Minn Kota Remote Power Switch MKR-30,minn-kota-remote-power-switch-mkr-30,https://reyco.glvmarketing.ca/product/minn-kota-remote-power-switch-mkr-30/,,,,
product,257,Minn Kota Precision Charger MK 460 PCL — 4 Bank × 15 Amp,minn-kota-precision-charger-mk-460-pcl-4-bank-x-15-amp,https://reyco.glvmarketing.ca/product/minn-kota-precision-charger-mk-460-pcl-4-bank-x-15-amp/,,,,
product,256,Minn Kota Precision Charger MK 345 PCL — 3 Bank × 15 Amp,minn-kota-precision-charger-mk-345-pcl-3-bank-x-15-amp,https://reyco.glvmarketing.ca/product/minn-kota-precision-charger-mk-345-pcl-3-bank-x-15-amp/,,,,
product,255,Minn Kota Precision Charger MK 330 PC — 3 Bank × 10 Amp,minn-kota-precision-charger-mk-330-pc-3-bank-x-10-amp,https://reyco.glvmarketing.ca/product/minn-kota-precision-charger-mk-330-pc-3-bank-x-10-amp/,,,,
product,254,Minn Kota Precision Charger MK 230 PCL — 2 Bank × 15 Amp,minn-kota-precision-charger-mk-230-pcl-2-bank-x-15-amp,https://reyco.glvmarketing.ca/product/minn-kota-precision-charger-mk-230-pcl-2-bank-x-15-amp/,,,,
product,253,Minn Kota Riptide Kayak Terrova 55 lb — Saltwater,minn-kota-riptide-kayak-terrova-55-lb-saltwater,https://reyco.glvmarketing.ca/product/minn-kota-riptide-kayak-terrova-55-lb-saltwater/,,,,
product,252,Minn Kota Kayak Terrova 55 lb — Freshwater,minn-kota-kayak-terrova-55-lb-freshwater,https://reyco.glvmarketing.ca/product/minn-kota-kayak-terrova-55-lb-freshwater/,,,,
product,251,"Minn Kota Riptide Terrova 80 lb Refurb — 60""",minn-kota-riptide-terrova-80-lb-refurb-60,https://reyco.glvmarketing.ca/product/minn-kota-riptide-terrova-80-lb-refurb-60/,,,,
product,250,"Minn Kota Riptide Terrova 112 lb — 87"" Shaft",minn-kota-riptide-terrova-112-lb-87-shaft,https://reyco.glvmarketing.ca/product/minn-kota-riptide-terrova-112-lb-87-shaft/,,,,
product,249,"Minn Kota Riptide Terrova QUEST 90/115 — 100""",minn-kota-riptide-terrova-quest-90-115-100,https://reyco.glvmarketing.ca/product/minn-kota-riptide-terrova-quest-90-115-100/,,,,
product,248,"Minn Kota Riptide Terrova QUEST 90/115 — 87""",minn-kota-riptide-terrova-quest-90-115-87,https://reyco.glvmarketing.ca/product/minn-kota-riptide-terrova-quest-90-115-87/,,,,
product,247,"Minn Kota Riptide Terrova QUEST 90/115 — 72""",minn-kota-riptide-terrova-quest-90-115-72,https://reyco.glvmarketing.ca/product/minn-kota-riptide-terrova-quest-90-115-72/,,,,
product,246,Minn Kota Ultrex QUEST 90/115 lb — Dual Spectrum CHIRP,minn-kota-ultrex-quest-90-115-lb-dual-spectrum-chirp,https://reyco.glvmarketing.ca/product/minn-kota-ultrex-quest-90-115-lb-dual-spectrum-chirp/,,,,
product,245,"Minn Kota Ultrex 80 lb — 52"" Shaft",minn-kota-ultrex-80-lb-52-shaft,https://reyco.glvmarketing.ca/product/minn-kota-ultrex-80-lb-52-shaft/,,,,
product,244,"Minn Kota Ultrex 80 lb — 45"" Shaft",minn-kota-ultrex-80-lb-45-shaft,https://reyco.glvmarketing.ca/product/minn-kota-ultrex-80-lb-45-shaft/,,,,
product,243,Cub Cadet Challenger 750 MX (Hisun-Built UTV),cub-cadet-challenger-750-mx-hisun-built-utv,https://reyco.glvmarketing.ca/product/cub-cadet-challenger-750-mx-hisun-built-utv/,,,,
product,242,Hisun MP9T400 Entry Sport UTV,hisun-mp9t400-entry-sport-utv,https://reyco.glvmarketing.ca/product/hisun-mp9t400-entry-sport-utv/,,,,
product,241,Hisun MP9 750R Sport UTV,hisun-mp9-750r-sport-utv,https://reyco.glvmarketing.ca/product/hisun-mp9-750r-sport-utv/,,,,
product,240,Hisun Stryker 750 Crew (4-Seat Sport),hisun-stryker-750-crew-4-seat-sport,https://reyco.glvmarketing.ca/product/hisun-stryker-750-crew-4-seat-sport/,,,,
product,239,Hisun Stryker 550X Sport-Trail UTV,hisun-stryker-550x-sport-trail-utv,https://reyco.glvmarketing.ca/product/hisun-stryker-550x-sport-trail-utv/,,,,
product,238,Hisun Sector 750 EPS,hisun-sector-750-eps,https://reyco.glvmarketing.ca/product/hisun-sector-750-eps/,,,,
product,237,Hisun Sector 250 Compact Utility UTV,hisun-sector-250-compact-utility-utv,https://reyco.glvmarketing.ca/product/hisun-sector-250-compact-utility-utv/,,,,
product,236,Hisun HS 400 Entry ATV,hisun-hs-400-entry-atv,https://reyco.glvmarketing.ca/product/hisun-hs-400-entry-atv/,,,,
product,235,Hisun Tactic Utility ATV,hisun-tactic-utility-atv,https://reyco.glvmarketing.ca/product/hisun-tactic-utility-atv/,,,,
product,234,Hisun GUARDIAN Utility ATV,hisun-guardian-utility-atv,https://reyco.glvmarketing.ca/product/hisun-guardian-utility-atv/,,,,
product,233,Echo DCS-5000 — 56V Cordless Chainsaw,echo-dcs-5000-56v-cordless-chainsaw,https://reyco.glvmarketing.ca/product/echo-dcs-5000-56v-cordless-chainsaw/,,,,
product,232,Echo HC-2020 Hedge Trimmer,echo-hc-2020-hedge-trimmer,https://reyco.glvmarketing.ca/product/echo-hc-2020-hedge-trimmer/,,,,
product,231,Echo SRM-225 String Trimmer,echo-srm-225-string-trimmer,https://reyco.glvmarketing.ca/product/echo-srm-225-string-trimmer/,,,,
product,230,Echo PB-755ST Backpack Blower,echo-pb-755st-backpack-blower,https://reyco.glvmarketing.ca/product/echo-pb-755st-backpack-blower/,,,,
product,229,Echo PB-9010T X Series Backpack Blower,echo-pb-9010t-x-series-backpack-blower,https://reyco.glvmarketing.ca/product/echo-pb-9010t-x-series-backpack-blower/,,,,
product,228,Echo PB-580T Backpack Blower,echo-pb-580t-backpack-blower,https://reyco.glvmarketing.ca/product/echo-pb-580t-backpack-blower/,,,,
product,227,Echo CS-680 Chainsaw,echo-cs-680-chainsaw,https://reyco.glvmarketing.ca/product/echo-cs-680-chainsaw/,,,,
product,226,Echo CS-352 Chainsaw,echo-cs-352-chainsaw,https://reyco.glvmarketing.ca/product/echo-cs-352-chainsaw/,,,,
product,225,Echo CS-310 Chainsaw,echo-cs-310-chainsaw,https://reyco.glvmarketing.ca/product/echo-cs-310-chainsaw/,,,,
product,224,Echo CS-590 Timber Wolf Chainsaw,echo-cs-590-timber-wolf-chainsaw,https://reyco.glvmarketing.ca/product/echo-cs-590-timber-wolf-chainsaw/,,,,
product,223,Hisun ACE NV — Electric Golf Cart,hisun-ace-nv-electric-golf-cart,https://reyco.glvmarketing.ca/product/hisun-ace-nv-electric-golf-cart/,,,,
product,222,Hisun Sector E1 — Electric UTV,hisun-sector-e1-electric-utv,https://reyco.glvmarketing.ca/product/hisun-sector-e1-electric-utv/,,,,
product,221,Hisun Forge 400i — Sport-Utility ATV,hisun-forge-400i-sport-utility-atv,https://reyco.glvmarketing.ca/product/hisun-forge-400i-sport-utility-atv/,,,,
product,220,Hisun HS 500 — Utility ATV,hisun-hs-500-utility-atv,https://reyco.glvmarketing.ca/product/hisun-hs-500-utility-atv/,,,,
product,219,Hisun MP9 550R — Sport Trail UTV,hisun-mp9-550r-sport-trail-utv,https://reyco.glvmarketing.ca/product/hisun-mp9-550r-sport-trail-utv/,,,,
product,218,Hisun Stryker 750X — Sport-Trail UTV,hisun-stryker-750x-sport-trail-utv,https://reyco.glvmarketing.ca/product/hisun-stryker-750x-sport-trail-utv/,,,,
product,217,Hisun Sector 750 Crew — 4-Seat Utility UTV,hisun-sector-750-crew-4-seat-utility-utv,https://reyco.glvmarketing.ca/product/hisun-sector-750-crew-4-seat-utility-utv/,,,,
product,216,Hisun Sector 550 EPS — Utility UTV,hisun-sector-550-eps-utility-utv,https://reyco.glvmarketing.ca/product/hisun-sector-550-eps-utility-utv/,,,,
product,215,Hisun Strike 550R — Adult Sport UTV,hisun-strike-550r-adult-sport-utv,https://reyco.glvmarketing.ca/product/hisun-strike-550r-adult-sport-utv/,,,,
product,214,Hisun Strike 250R — Youth Sport UTV,hisun-strike-250r-youth-sport-utv,https://reyco.glvmarketing.ca/product/hisun-strike-250r-youth-sport-utv/,,,,
product,207,Minnkota Terrova 80,minnkota-terrova-80-3,https://reyco.glvmarketing.ca/product/minnkota-terrova-80-3/,,,,
product_category,116,Accessories,accessories,https://reyco.glvmarketing.ca/reyco-category/accessories/,,,,
product_category,97,ACE NV,ace-nv,https://reyco.glvmarketing.ca/reyco-category/ace-nv/,,,,
product_category,127,APEX 13,apex-13,https://reyco.glvmarketing.ca/reyco-category/apex-13/,,,,
product_category,128,APEX 16,apex-16,https://reyco.glvmarketing.ca/reyco-category/apex-16/,,,,
product_category,129,APEX 19,apex-19,https://reyco.glvmarketing.ca/reyco-category/apex-19/,,,,
product_category,126,APEX Series,apex-series,https://reyco.glvmarketing.ca/reyco-category/apex-series/,,,,
product_category,189,Articulating Hedge Trimmers,articulating-hedge-trimmers,https://reyco.glvmarketing.ca/reyco-category/articulating-hedge-trimmers/,,,,
product_category,69,ATVs,atvs,https://reyco.glvmarketing.ca/reyco-category/atvs/,,,,
product_category,45,B,b,https://reyco.glvmarketing.ca/reyco-category/b/,,,,
product_category,55,Blowers,blowers,https://reyco.glvmarketing.ca/reyco-category/blowers/,,,,
product_category,932,Blowers &amp; Vacuums,blowers-vacuums,https://reyco.glvmarketing.ca/reyco-category/blowers-vacuums/,,,,
product_category,44,Boat,boat,https://reyco.glvmarketing.ca/reyco-category/boat/,,,,
product_category,73,Boat Lifts,boat-lifts,https://reyco.glvmarketing.ca/reyco-category/boat-lifts/,,,,
product_category,186,Brushcutters,brushcutters,https://reyco.glvmarketing.ca/reyco-category/brushcutters/,,,,
product_category,142,Cantilever Lifts,cantilever-lifts,https://reyco.glvmarketing.ca/reyco-category/cantilever-lifts/,,,,
product_category,31,Chainsaws,chainsaws,https://reyco.glvmarketing.ca/reyco-category/chainsaws/,,,,
product_category,154,Compact Pro Chainsaws,compact-pro-chainsaws,https://reyco.glvmarketing.ca/reyco-category/compact-pro-chainsaws/,,,,
product_category,61,Cordless Blowers,cordless-blowers,https://reyco.glvmarketing.ca/reyco-category/cordless-blowers/,,,,
product_category,59,Cordless Chainsaws,cordless-chainsaws,https://reyco.glvmarketing.ca/reyco-category/cordless-chainsaws/,,,,
product_category,60,Cordless Trimmers,cordless-trimmers,https://reyco.glvmarketing.ca/reyco-category/cordless-trimmers/,,,,
product_category,67,Crew UTVs,crew-utvs,https://reyco.glvmarketing.ca/reyco-category/crew-utvs/,,,,
product_category,155,CS-2511P,cs-2511p,https://reyco.glvmarketing.ca/reyco-category/cs-2511p/,,,,
product_category,157,CS-2511T,cs-2511t,https://reyco.glvmarketing.ca/reyco-category/cs-2511t/,,,,
product_category,158,CS-271T,cs-271t,https://reyco.glvmarketing.ca/reyco-category/cs-271t/,,,,
product_category,160,CS-310,cs-310,https://reyco.glvmarketing.ca/reyco-category/cs-310/,,,,
product_category,161,CS-3510,cs-3510,https://reyco.glvmarketing.ca/reyco-category/cs-3510/,,,,
product_category,162,CS-352,cs-352,https://reyco.glvmarketing.ca/reyco-category/cs-352/,,,,
product_category,163,CS-355T,cs-355t,https://reyco.glvmarketing.ca/reyco-category/cs-355t/,,,,
product_category,165,CS-361P,cs-361p,https://reyco.glvmarketing.ca/reyco-category/cs-361p/,,,,
product_category,166,CS-370F,cs-370f,https://reyco.glvmarketing.ca/reyco-category/cs-370f/,,,,
product_category,167,CS-4510,cs-4510,https://reyco.glvmarketing.ca/reyco-category/cs-4510/,,,,
product_category,168,CS-490,cs-490,https://reyco.glvmarketing.ca/reyco-category/cs-490/,,,,
product_category,169,CS-4910,cs-4910,https://reyco.glvmarketing.ca/reyco-category/cs-4910/,,,,
product_category,170,CS-501P,cs-501p,https://reyco.glvmarketing.ca/reyco-category/cs-501p/,,,,
product_category,172,CS-590,cs-590,https://reyco.glvmarketing.ca/reyco-category/cs-590/,,,,
product_category,174,CS-620P,cs-620p,https://reyco.glvmarketing.ca/reyco-category/cs-620p/,,,,
product_category,175,CS-680,cs-680,https://reyco.glvmarketing.ca/reyco-category/cs-680/,,,,
product_category,176,CS-7310P,cs-7310p,https://reyco.glvmarketing.ca/reyco-category/cs-7310p/,,,,
product_category,99,Cub Cadet Challenger 750 MX,cub-cadet-challenger-750-mx,https://reyco.glvmarketing.ca/reyco-category/cub-cadet-challenger-750-mx/,,,,
product_category,98,Cub Cadet UTV,cub-cadet-utv,https://reyco.glvmarketing.ca/reyco-category/cub-cadet-utv/,,,,
product_category,182,Curved Shaft Trimmers,curved-shaft-trimmers,https://reyco.glvmarketing.ca/reyco-category/curved-shaft-trimmers/,,,,
product_category,194,Cut-Off Saws,cut-off-saws,https://reyco.glvmarketing.ca/reyco-category/cut-off-saws/,,,,
product_category,197,DCS-2500T,dcs-2500t,https://reyco.glvmarketing.ca/reyco-category/dcs-2500t/,,,,
product_category,198,DCS-5000,dcs-5000,https://reyco.glvmarketing.ca/reyco-category/dcs-5000/,,,,
product_category,25,Deck Boats,deck-boats,https://reyco.glvmarketing.ca/reyco-category/deck-boats/,,,,
product_category,199,DHC-2300,dhc-2300,https://reyco.glvmarketing.ca/reyco-category/dhc-2300/,,,,
product_category,200,DLM-2100,dlm-2100,https://reyco.glvmarketing.ca/reyco-category/dlm-2100/,,,,
product_category,72,Docks,docks,https://reyco.glvmarketing.ca/reyco-category/docks/,,,,
product_category,931,Downrigger Accessories,downrigger-accessories,https://reyco.glvmarketing.ca/reyco-category/downrigger-accessories/,,,,
product_category,125,Downrigger Weights,downrigger-weights,https://reyco.glvmarketing.ca/reyco-category/downrigger-weights/,,,,
product_category,51,Downriggers,downriggers,https://reyco.glvmarketing.ca/reyco-category/downriggers/,,,,
product_category,201,DPAS Powerheads,dpas-powerheads,https://reyco.glvmarketing.ca/reyco-category/dpas-powerheads/,,,,
product_category,202,DPB-2500,dpb-2500,https://reyco.glvmarketing.ca/reyco-category/dpb-2500/,,,,
product_category,204,DSRM-2100,dsrm-2100,https://reyco.glvmarketing.ca/reyco-category/dsrm-2100/,,,,
product_category,205,DSRM-2600,dsrm-2600,https://reyco.glvmarketing.ca/reyco-category/dsrm-2600/,,,,
product_category,122,Easi-Troll,easi-troll,https://reyco.glvmarketing.ca/reyco-category/easi-troll/,,,,
product_category,58,Edgers,edgers,https://reyco.glvmarketing.ca/reyco-category/edgers/,,,,
product_category,117,Electric Downriggers,electric-downriggers,https://reyco.glvmarketing.ca/reyco-category/electric-downriggers/,,,,
product_category,191,Electric Pressure Washers,electric-pressure-washers,https://reyco.glvmarketing.ca/reyco-category/electric-pressure-washers/,,,,
product_category,70,Electric UTVs,electric-utvs,https://reyco.glvmarketing.ca/reyco-category/electric-utvs/,,,,
product_category,190,Extended Reach Hedge Trimmers,extended-reach-hedge-trimmers,https://reyco.glvmarketing.ca/reyco-category/extended-reach-hedge-trimmers/,,,,
product_category,28,Fish Finders,fish-finders,https://reyco.glvmarketing.ca/reyco-category/fish-finders/,,,,
product_category,23,Fishing Boats,fishing-boats,https://reyco.glvmarketing.ca/reyco-category/fishing-boats/,,,,
product_category,136,Floating Docks,floating-docks,https://reyco.glvmarketing.ca/reyco-category/floating-docks/,,,,
product_category,137,Floating Truss Docks,floating-truss-docks,https://reyco.glvmarketing.ca/reyco-category/floating-truss-docks/,,,,
product_category,94,Forge 400i,forge-400i,https://reyco.glvmarketing.ca/reyco-category/forge-400i/,,,,
product_category,192,Gas Pressure Washers,gas-pressure-washers,https://reyco.glvmarketing.ca/reyco-category/gas-pressure-washers/,,,,
product_category,71,Golf Carts,golf-carts,https://reyco.glvmarketing.ca/reyco-category/golf-carts/,,,,
product_category,95,GUARDIAN,guardian,https://reyco.glvmarketing.ca/reyco-category/guardian/,,,,
product_category,177,Handheld Blowers,handheld-blowers,https://reyco.glvmarketing.ca/reyco-category/handheld-blowers/,,,,
product_category,173,Heavy Pro Chainsaws,heavy-pro-chainsaws,https://reyco.glvmarketing.ca/reyco-category/heavy-pro-chainsaws/,,,,
product_category,185,Heavy-Duty Trimmers,heavy-duty-trimmers,https://reyco.glvmarketing.ca/reyco-category/heavy-duty-trimmers/,,,,
product_category,54,Hedge Trimmers,hedge-trimmers,https://reyco.glvmarketing.ca/reyco-category/hedge-trimmers/,,,,
product_category,130,HELIX Series,helix-series,https://reyco.glvmarketing.ca/reyco-category/helix-series/,,,,
product_category,147,Hidden-Beam,hidden-beam,https://reyco.glvmarketing.ca/reyco-category/hidden-beam/,,,,
product_category,159,Homeowner Chainsaws,homeowner-chainsaws,https://reyco.glvmarketing.ca/reyco-category/homeowner-chainsaws/,,,,
product_category,92,HS 400,hs-400,https://reyco.glvmarketing.ca/reyco-category/hs-400/,,,,
product_category,93,HS 500,hs-500,https://reyco.glvmarketing.ca/reyco-category/hs-500/,,,,
product_category,91,HS Series,hs-series,https://reyco.glvmarketing.ca/reyco-category/hs-series/,,,,
product_category,143,Hydraulic Lifts,hydraulic-lifts,https://reyco.glvmarketing.ca/reyco-category/hydraulic-lifts/,,,,
product_category,149,Hydraulic PWC Lifts,hydraulic-pwc-lifts,https://reyco.glvmarketing.ca/reyco-category/hydraulic-pwc-lifts/,,,,
product_category,145,Hydro Extreme,hydro-extreme,https://reyco.glvmarketing.ca/reyco-category/hydro-extreme/,,,,
product_category,133,ICE Electronics,ice-electronics,https://reyco.glvmarketing.ca/reyco-category/ice-electronics/,,,,
product_category,929,Ice Fishing Electronics,ice-fishing-electronics,https://reyco.glvmarketing.ca/reyco-category/ice-fishing-electronics/,,,,
product_category,134,ICE XPLORE,ice-xplore,https://reyco.glvmarketing.ca/reyco-category/ice-xplore/,,,,
product_category,926,Kayak Motors,kayak-motors,https://reyco.glvmarketing.ca/reyco-category/kayak-motors/,,,,
product_category,109,Kayak Terrova,kayak-terrova,https://reyco.glvmarketing.ca/reyco-category/kayak-terrova/,,,,
product_category,123,Lake-Troll,lake-troll,https://reyco.glvmarketing.ca/reyco-category/lake-troll/,,,,
product_category,148,Lift Roof Systems,lift-roof-systems,https://reyco.glvmarketing.ca/reyco-category/lift-roof-systems/,,,,
product_category,141,Lift-Up Docks,lift-up-docks,https://reyco.glvmarketing.ca/reyco-category/lift-up-docks/,,,,
product_category,203,Limited Edition,limited-edition,https://reyco.glvmarketing.ca/reyco-category/limited-edition/,,,,
product_category,132,Live Sonar,live-sonar,https://reyco.glvmarketing.ca/reyco-category/live-sonar/,,,,
product_category,178,Low-Noise Blowers,low-noise-blowers,https://reyco.glvmarketing.ca/reyco-category/low-noise-blowers/,,,,
product_category,138,LUX Floating,lux-floating,https://reyco.glvmarketing.ca/reyco-category/lux-floating/,,,,
product_category,119,Magnum,magnum,https://reyco.glvmarketing.ca/reyco-category/magnum/,,,,
product_category,121,Manual Downriggers,manual-downriggers,https://reyco.glvmarketing.ca/reyco-category/manual-downriggers/,,,,
product_category,927,Marine Electronics,marine-electronics,https://reyco.glvmarketing.ca/reyco-category/marine-electronics/,,,,
product_category,930,Marine Electronics Accessories,marine-electronics-accessories,https://reyco.glvmarketing.ca/reyco-category/marine-electronics-accessories/,,,,
product_category,151,Marine Railway Systems,marine-railway-systems,https://reyco.glvmarketing.ca/reyco-category/marine-railway-systems/,,,,
product_category,131,MEGA Live 2,mega-live-2,https://reyco.glvmarketing.ca/reyco-category/mega-live-2/,,,,
product_category,179,Mid Backpack Blowers,mid-backpack-blowers,https://reyco.glvmarketing.ca/reyco-category/mid-backpack-blowers/,,,,
product_category,124,Mini-Troll,mini-troll,https://reyco.glvmarketing.ca/reyco-category/mini-troll/,,,,
product_category,112,MK 230 PCL,mk-230-pcl,https://reyco.glvmarketing.ca/reyco-category/mk-230-pcl/,,,,
product_category,113,MK 330 PC,mk-330-pc,https://reyco.glvmarketing.ca/reyco-category/mk-330-pc/,,,,
product_category,114,MK 345 PCL,mk-345-pcl,https://reyco.glvmarketing.ca/reyco-category/mk-345-pcl/,,,,
product_category,115,MK 460 PCL,mk-460-pcl,https://reyco.glvmarketing.ca/reyco-category/mk-460-pcl/,,,,
product_category,139,Modular Docks,modular-docks,https://reyco.glvmarketing.ca/reyco-category/modular-docks/,,,,
product_category,88,MP9 550R,mp9-550r,https://reyco.glvmarketing.ca/reyco-category/mp9-550r/,,,,
product_category,89,MP9 750R,mp9-750r,https://reyco.glvmarketing.ca/reyco-category/mp9-750r/,,,,
product_category,87,MP9 Series,mp9-series,https://reyco.glvmarketing.ca/reyco-category/mp9-series/,,,,
product_category,90,MP9 T400,mp9-t400,https://reyco.glvmarketing.ca/reyco-category/mp9-t400/,,,,
product_category,934,Multi-Tool Systems,multi-tool-systems,https://reyco.glvmarketing.ca/reyco-category/multi-tool-systems/,,,,
product_category,118,Optimum,optimum,https://reyco.glvmarketing.ca/reyco-category/optimum/,,,,
product_category,153,Otter Swim Rafts,otter-swim-rafts,https://reyco.glvmarketing.ca/reyco-category/otter-swim-rafts/,,,,
product_category,26,Outboard Motors,outboard-motors,https://reyco.glvmarketing.ca/reyco-category/outboard-motors/,,,,
product_category,196,PAS Powerheads,pas-powerheads,https://reyco.glvmarketing.ca/reyco-category/pas-powerheads/,,,,
product_category,24,Pontoons,pontoons,https://reyco.glvmarketing.ca/reyco-category/pontoons/,,,,
product_category,57,Power Pruners,power-pruners,https://reyco.glvmarketing.ca/reyco-category/power-pruners/,,,,
product_category,111,Precision Chargers,precision-chargers,https://reyco.glvmarketing.ca/reyco-category/precision-chargers/,,,,
product_category,56,Pressure Washers,pressure-washers,https://reyco.glvmarketing.ca/reyco-category/pressure-washers/,,,,
product_category,180,Pro Backpack Blowers,pro-backpack-blowers,https://reyco.glvmarketing.ca/reyco-category/pro-backpack-blowers/,,,,
product_category,164,Pro Chainsaws,pro-chainsaws,https://reyco.glvmarketing.ca/reyco-category/pro-chainsaws/,,,,
product_category,193,Pro Pressure Washers,pro-pressure-washers,https://reyco.glvmarketing.ca/reyco-category/pro-pressure-washers/,,,,
product_category,184,Pro Trimmers,pro-trimmers,https://reyco.glvmarketing.ca/reyco-category/pro-trimmers/,,,,
product_category,52,Push Mowers,push-mowers,https://reyco.glvmarketing.ca/reyco-category/push-mowers/,,,,
product_category,74,PWC Lifts,pwc-lifts,https://reyco.glvmarketing.ca/reyco-category/pwc-lifts/,,,,
product_category,29,Riding Mowers,riding-mowers,https://reyco.glvmarketing.ca/reyco-category/riding-mowers/,,,,
product_category,110,Riptide Kayak Terrova,riptide-kayak-terrova,https://reyco.glvmarketing.ca/reyco-category/riptide-kayak-terrova/,,,,
product_category,107,Riptide Terrova 112,riptide-terrova-112,https://reyco.glvmarketing.ca/reyco-category/riptide-terrova-112/,,,,
product_category,103,Riptide Terrova QUEST,riptide-terrova-quest,https://reyco.glvmarketing.ca/reyco-category/riptide-terrova-quest/,,,,
product_category,106,Riptide Terrova QUEST 100,riptide-terrova-quest-100,https://reyco.glvmarketing.ca/reyco-category/riptide-terrova-quest-100/,,,,
product_category,104,Riptide Terrova QUEST 72,riptide-terrova-quest-72,https://reyco.glvmarketing.ca/reyco-category/riptide-terrova-quest-72/,,,,
product_category,105,Riptide Terrova QUEST 87,riptide-terrova-quest-87,https://reyco.glvmarketing.ca/reyco-category/riptide-terrova-quest-87/,,,,
product_category,108,Riptide Terrova Refurbished,riptide-terrova-refurbished,https://reyco.glvmarketing.ca/reyco-category/riptide-terrova-refurbished/,,,,
product_category,83,Sector 250,sector-250,https://reyco.glvmarketing.ca/reyco-category/sector-250/,,,,
product_category,84,Sector 550 EPS,sector-550-eps,https://reyco.glvmarketing.ca/reyco-category/sector-550-eps/,,,,
product_category,86,Sector 750 Crew,sector-750-crew,https://reyco.glvmarketing.ca/reyco-category/sector-750-crew/,,,,
product_category,85,Sector 750 EPS,sector-750-eps,https://reyco.glvmarketing.ca/reyco-category/sector-750-eps/,,,,
product_category,82,Sector Series,sector-series,https://reyco.glvmarketing.ca/reyco-category/sector-series/,,,,
product_category,63,Single-Stage Snowblowers,single-stage-snowblowers,https://reyco.glvmarketing.ca/reyco-category/single-stage-snowblowers/,,,,
product_category,64,Snow Plows,snow-plows,https://reyco.glvmarketing.ca/reyco-category/snow-plows/,,,,
product_category,65,Sport UTVs,sport-utvs,https://reyco.glvmarketing.ca/reyco-category/sport-utvs/,,,,
product_category,188,Standard Hedge Trimmers,standard-hedge-trimmers,https://reyco.glvmarketing.ca/reyco-category/standard-hedge-trimmers/,,,,
product_category,183,Straight Shaft Trimmers,straight-shaft-trimmers,https://reyco.glvmarketing.ca/reyco-category/straight-shaft-trimmers/,,,,
product_category,76,Strike 250R,strike-250r,https://reyco.glvmarketing.ca/reyco-category/strike-250r/,,,,
product_category,77,Strike 550R,strike-550r,https://reyco.glvmarketing.ca/reyco-category/strike-550r/,,,,
product_category,75,Strike Series,strike-series,https://reyco.glvmarketing.ca/reyco-category/strike-series/,,,,
product_category,933,String Trimmers,string-trimmers,https://reyco.glvmarketing.ca/reyco-category/string-trimmers/,,,,
product_category,79,Stryker 550,stryker-550,https://reyco.glvmarketing.ca/reyco-category/stryker-550/,,,,
product_category,80,Stryker 750,stryker-750,https://reyco.glvmarketing.ca/reyco-category/stryker-750/,,,,
product_category,81,Stryker 750 Crew,stryker-750-crew,https://reyco.glvmarketing.ca/reyco-category/stryker-750-crew/,,,,
product_category,78,Stryker Series,stryker-series,https://reyco.glvmarketing.ca/reyco-category/stryker-series/,,,,
product_category,96,Tactic,tactic,https://reyco.glvmarketing.ca/reyco-category/tactic/,,,,
product_category,62,Three-Stage Snowblowers,three-stage-snowblowers,https://reyco.glvmarketing.ca/reyco-category/three-stage-snowblowers/,,,,
product_category,171,Timber Wolf,timber-wolf,https://reyco.glvmarketing.ca/reyco-category/timber-wolf/,,,,
product_category,156,Top-Handle Chainsaws,top-handle-chainsaws,https://reyco.glvmarketing.ca/reyco-category/top-handle-chainsaws/,,,,
product_category,768,Trailers,trailers,https://reyco.glvmarketing.ca/reyco-category/trailers/,,,,
product_category,53,Trimmers,trimmers,https://reyco.glvmarketing.ca/reyco-category/trimmers/,,,,
product_category,27,Trolling Motors,trolling-motors,https://reyco.glvmarketing.ca/reyco-category/trolling-motors/,,,,
product_category,135,Truss Pipe Docks,truss-pipe-docks,https://reyco.glvmarketing.ca/reyco-category/truss-pipe-docks/,,,,
product_category,32,Two-Stage Snowblowers,two-stage-snowblowers,https://reyco.glvmarketing.ca/reyco-category/two-stage-snowblowers/,,,,
product_category,187,U-Handle,u-handle,https://reyco.glvmarketing.ca/reyco-category/u-handle/,,,,
product_category,100,Ultrex 80/45,ultrex-80-45,https://reyco.glvmarketing.ca/reyco-category/ultrex-80-45/,,,,
product_category,101,Ultrex 80/52,ultrex-80-52,https://reyco.glvmarketing.ca/reyco-category/ultrex-80-52/,,,,
product_category,102,Ultrex QUEST,ultrex-quest,https://reyco.glvmarketing.ca/reyco-category/ultrex-quest/,,,,
product_category,120,Uni-Troll,uni-troll,https://reyco.glvmarketing.ca/reyco-category/uni-troll/,,,,
product_category,66,Utility UTVs,utility-utvs,https://reyco.glvmarketing.ca/reyco-category/utility-utvs/,,,,
product_category,922,UTVs,utvs,https://reyco.glvmarketing.ca/reyco-category/utvs/,,,,
product_category,144,Vertical Pontoon Lifts,vertical-pontoon-lifts,https://reyco.glvmarketing.ca/reyco-category/vertical-pontoon-lifts/,,,,
product_category,195,Walk-Behind Edgers,walk-behind-edgers,https://reyco.glvmarketing.ca/reyco-category/walk-behind-edgers/,,,,
product_category,152,Wave Armor,wave-armor,https://reyco.glvmarketing.ca/reyco-category/wave-armor/,,,,
product_category,150,Wave Armour Ports,wave-armour-ports,https://reyco.glvmarketing.ca/reyco-category/wave-armour-ports/,,,,
product_category,140,WaveX,wavex,https://reyco.glvmarketing.ca/reyco-category/wavex/,,,,
product_category,146,Wet-Slip Lifts,wet-slip-lifts,https://reyco.glvmarketing.ca/reyco-category/wet-slip-lifts/,,,,
product_category,181,X Series Blowers,x-series-blowers,https://reyco.glvmarketing.ca/reyco-category/x-series-blowers/,,,,
product_category,68,Youth UTVs,youth-utvs,https://reyco.glvmarketing.ca/reyco-category/youth-utvs/,,,,
product_category,30,Zero-Turn Mowers,zero-turn-mowers,https://reyco.glvmarketing.ca/reyco-category/zero-turn-mowers/,,,,
